id,brakujace,powod
"chs-01-001","distractor:a","brak w źródle"
"chs-01-002","trap|distractor:d","brak w źródle"
"chs-01-003","trap|distractor:b","brak w źródle"
"chs-01-004","distractor:a","brak w źródle"
"chs-01-005","distractor:e","brak w źródle"
"chs-01-006","trap|distractor:d","brak w źródle"
"chs-01-007","trap|distractor:d","brak w źródle"
"chs-01-008","takeaway|distractor:e","brak w źródle"
"chs-01-009","trap|distractor:c","brak w źródle"
"chs-01-010","distractor:c","brak w źródle"
"chs-02-001","trap|distractor:e","brak w źródle"
"chs-02-002","distractor:a|distractor:b","brak w źródle"
"chs-02-003","trap|distractor:a|distractor:b","brak w źródle"
"chs-02-004","trap|distractor:d","brak w źródle"
"chs-02-005","takeaway|distractor:c","brak w źródle"
"chs-02-006","trap|distractor:a|distractor:b","brak w źródle"
"chs-02-007","trap|distractor:e","brak w źródle"
"chs-02-008","takeaway|distractor:b","brak w źródle"
"chs-02-009","trap|distractor:e","brak w źródle"
"chs-02-010","trap|distractor:b","brak w źródle"
"chs-02-011","trap|distractor:e","brak w źródle"
"chs-02-012","trap|distractor:a|distractor:e","brak w źródle"
"chs-02-013","trap|distractor:c|distractor:d","brak w źródle"
"chs-02-014","trap|distractor:b|distractor:c","brak w źródle"
"chs-02-015","trap|distractor:e","brak w źródle"
"chs-02-016","trap|distractor:c|distractor:d","brak w źródle"
"chs-02-017","trap|distractor:e","brak w źródle"
"chs-02-018","distractor:d","brak w źródle"
"chs-02-019","distractor:c","brak w źródle"
"chs-02-020","distractor:d","brak w źródle"
"chs-02-021","distractor:c|distractor:e","distractor_unmatched: 2, 3 i 4"
"chs-02-022","distractor:b","brak w źródle"
"chs-02-023","distractor:c","brak w źródle"
"chs-02-024","distractor:c|distractor:d","brak w źródle"
"chs-02-025","distractor:d","brak w źródle"
"chs-02-026","distractor:e","brak w źródle"
"chs-02-027","distractor:d","brak w źródle"
"chs-02-028","distractor:b","brak w źródle"
"chs-02-029","distractor:c","brak w źródle"
"chs-02-030","distractor:d","brak w źródle"
"chs-02-031","distractor:d","brak w źródle"
"chs-02-032","distractor:c|distractor:d|distractor:e","distractor_unmatched: zajęcie dolnych dróg oddechowych następuje przy lepszej odporności chorego"
"chs-02-033","trap|distractor:b|distractor:e","brak w źródle"
"chs-02-034","trap|distractor:c","brak w źródle"
"chs-02-035","distractor:c|distractor:d","brak w źródle"
"chs-02-036","distractor:a|distractor:c","brak w źródle"
"chs-02-037","trap|distractor:b|distractor:e","brak w źródle"
"chs-02-038","trap|distractor:a|distractor:c|distractor:d|distractor:e","distractor_unmatched: maseczka FFP2 z maską chirurgiczną zakładana przed fartuchem jednorazowym; distractor_unmatched: rękawice jednorazowe zakładane przed okularami ochronnymi z przyłbicą; distractor_unmatched: fartuch jednorazowy zakładany przed dezynfekcją rąk"
"chs-02-039","trap|distractor:b|distractor:c|distractor:d","distractor_unmatched: wirus wchłania się przez nieuszkodzoną skórę rąk"
"chs-02-040","trap|distractor:d","brak w źródle"
"chs-02-041","trap|distractor:a|distractor:c","brak w źródle"
"chs-02-042","trap|distractor:a|distractor:e","distractor_unmatched: skierowaniu jej na 30-dniową kwarantannę"
"chs-02-043","trap|distractor:e","brak w źródle"
"chs-02-044","distractor:c","brak w źródle"
"chs-03-001","trap|distractor:b|distractor:c","brak w źródle"
"chs-03-002","takeaway|distractor:d|distractor:e","brak w źródle"
"chs-03-003","trap|distractor:c|distractor:d","brak w źródle"
"chs-03-004","trap|distractor:a|distractor:e","brak w źródle"
"chs-03-005","takeaway|distractor:c|distractor:d","brak w źródle"
"chs-03-006","takeaway|distractor:b|distractor:c","brak w źródle"
"chs-03-007","trap|distractor:b|distractor:e","brak w źródle"
"chs-03-008","trap|distractor:b|distractor:e","brak w źródle"
"chs-03-009","trap|distractor:b|distractor:e","brak w źródle"
"chs-03-010","takeaway|distractor:d|distractor:e","brak w źródle"
"chs-03-011","trap|distractor:d|distractor:e","brak w źródle"
"chs-03-012","takeaway|distractor:b|distractor:e","brak w źródle"
"chs-03-013","trap|distractor:d|distractor:e","brak w źródle"
"chs-03-014","takeaway|distractor:b|distractor:d","brak w źródle"
"chs-03-015","trap|distractor:b|distractor:c","brak w źródle"
"chs-03-016","trap|distractor:b|distractor:d","brak w źródle"
"chs-04-001","trap|distractor:b","brak w źródle"
"chs-04-002","takeaway|distractor:a|distractor:b","brak w źródle"
"chs-04-003","trap|distractor:b|distractor:c","brak w źródle"
"chs-04-004","takeaway|distractor:b|distractor:e","brak w źródle"
"chs-04-005","trap|distractor:a|distractor:e","brak w źródle"
"chs-04-006","takeaway|distractor:a|distractor:b","brak w źródle"
"chs-04-007","trap|distractor:c|distractor:d","brak w źródle"
"chs-04-008","trap|distractor:c|distractor:e","brak w źródle"
"chs-04-009","trap|distractor:b|distractor:e","brak w źródle"
"chs-04-010","takeaway|distractor:e","brak w źródle"
"chs-04-011","trap|distractor:d|distractor:e","brak w źródle"
"chs-04-012","trap|distractor:a","brak w źródle"
"chs-04-013","trap|distractor:d","brak w źródle"
"chs-04-014","takeaway|distractor:b|distractor:e","brak w źródle"
"chs-04-015","trap|distractor:a|distractor:c","brak w źródle"
"chs-04-016","takeaway|distractor:d|distractor:e","brak w źródle"
"chs-04-017","trap|distractor:d|distractor:e","brak w źródle"
"chs-04-018","takeaway|distractor:b|distractor:d","brak w źródle"
"chs-04-019","trap|distractor:b|distractor:e","brak w źródle"
"chs-04-020","trap|distractor:a","brak w źródle"
"chs-04-021","takeaway|distractor:a|distractor:d","brak w źródle"
"chs-04-022","trap|distractor:b","brak w źródle"
"chs-04-023","takeaway|distractor:e","brak w źródle"
"chs-04-024","trap|distractor:e","brak w źródle"
"chs-04-025","trap|distractor:e","brak w źródle"
"chs-04-026","takeaway|distractor:c|distractor:d","brak w źródle"
"chs-04-027","trap|distractor:c","brak w źródle"
"chs-04-028","trap|distractor:b","brak w źródle"
"chs-04-029","takeaway|distractor:d","brak w źródle"
"chs-04-030","trap|distractor:d|distractor:e","brak w źródle"
"chs-04-031","takeaway|distractor:d|distractor:e","brak w źródle"
"chs-04-032","trap|distractor:c","brak w źródle"
"chs-04-033","trap|distractor:c","brak w źródle"
"chs-04-034","takeaway|distractor:e","brak w źródle"
"chs-04-035","trap|distractor:d","brak w źródle"
"chs-04-036","trap|distractor:b|distractor:e","brak w źródle"
"chs-04-037","takeaway|distractor:d","brak w źródle"
"chs-04-038","trap|distractor:b|distractor:d","brak w źródle"
"chs-04-039","takeaway|distractor:b|distractor:c","brak w źródle"
"chs-04-040","trap|distractor:b","brak w źródle"
"chs-04-041","trap|distractor:e","brak w źródle"
"chs-04-042","takeaway|distractor:a","brak w źródle"
"chs-04-043","trap|distractor:e","brak w źródle"
"chs-04-044","trap|distractor:a|distractor:b","brak w źródle"
"chs-04-045","takeaway|distractor:e","brak w źródle"
"chs-04-046","takeaway|distractor:d","brak w źródle"
"chs-04-047","trap|distractor:e","brak w źródle"
"chs-04-048","trap|distractor:a|distractor:b","brak w źródle"
"chs-04-049","takeaway|distractor:b|distractor:e","brak w źródle"
"chs-04-050","trap|distractor:a|distractor:c","brak w źródle"
"chs-04-051","takeaway|distractor:c|distractor:d","brak w źródle"
"chs-04-052","trap|distractor:a|distractor:d","brak w źródle"
"chs-04-053","trap|distractor:e","brak w źródle"
"chs-04-054","takeaway|distractor:b","brak w źródle"
"chs-04-055","trap|distractor:e","brak w źródle"
"chs-04-056","takeaway|distractor:a","brak w źródle"
"chs-04-057","trap|distractor:b","brak w źródle"
"chs-04-058","trap|distractor:a","brak w źródle"
"chs-04-059","takeaway|distractor:e","brak w źródle"
"chs-04-060","trap|distractor:a","brak w źródle"
"chs-04-061","trap|distractor:c","brak w źródle"
"chs-04-062","takeaway|distractor:c","brak w źródle"
"chs-04-063","trap|distractor:e","brak w źródle"
"chs-04-064","trap|distractor:e","brak w źródle"
"chs-04-065","takeaway|distractor:e","brak w źródle"
"chs-04-066","trap|distractor:a","brak w źródle"
"chs-04-067","takeaway|distractor:d","brak w źródle"
"chs-04-068","trap|distractor:c","brak w źródle"
"chs-04-069","takeaway|distractor:a","brak w źródle"
"chs-04-070","trap|distractor:a","brak w źródle"
"chs-04-071","takeaway|distractor:e","brak w źródle"
"chs-04-072","trap|distractor:a","brak w źródle"
"chs-04-073","trap|distractor:e","brak w źródle"
"chs-04-074","takeaway|distractor:e","brak w źródle"
"chs-04-075","trap|distractor:e","brak w źródle"
"chs-04-076","trap|distractor:b","brak w źródle"
"chs-04-077","takeaway|distractor:d","brak w źródle"
"chs-04-078","distractor:c","brak w źródle"
"chs-04-079","trap|distractor:a|distractor:c","brak w źródle"
"chs-04-080","trap|distractor:e","brak w źródle"
"chs-04-081","distractor:b|distractor:e","brak w źródle"
"chs-04-082","trap|distractor:d|distractor:e","brak w źródle"
"chs-04-083","trap|distractor:c","brak w źródle"
"chs-04-084","trap|distractor:a|distractor:c","brak w źródle"
"chs-04-085","trap|distractor:c|distractor:e","brak w źródle"
"chs-04-086","distractor:c|distractor:e","brak w źródle"
"chs-04-087","trap|distractor:b|distractor:d","brak w źródle"
"chs-04-088","distractor:b|distractor:c","brak w źródle"
"chs-04-089","trap|distractor:a","brak w źródle"
"chs-04-090","trap|distractor:c|distractor:d","brak w źródle"
"chs-04-091","distractor:a|distractor:e","brak w źródle"
"chs-04-092","trap|distractor:a|distractor:d","brak w źródle"
"chs-04-093","distractor:a|distractor:e","brak w źródle"
"chs-04-094","trap|distractor:b|distractor:d","brak w źródle"
"chs-04-095","trap|distractor:e","brak w źródle"
"chs-04-096","trap|distractor:a","brak w źródle"
"chs-04-097","takeaway|distractor:b","brak w źródle"
"chs-04-098","trap|distractor:c","brak w źródle"
"chs-04-099","takeaway|distractor:e","brak w źródle"
"chs-04-100","trap|distractor:c","brak w źródle"
"chs-04-101","trap|distractor:b","brak w źródle"
"chs-04-102","takeaway|distractor:d","brak w źródle"
"chs-04-103","trap|distractor:a","brak w źródle"
"chs-04-104","trap|distractor:d","brak w źródle"
"chs-04-105","takeaway|distractor:d","brak w źródle"
"chs-04-106","trap|distractor:c","brak w źródle"
"chs-04-107","takeaway|distractor:e","brak w źródle"
"chs-04-108","takeaway|distractor:b","brak w źródle"
"chs-04-109","trap|distractor:a","brak w źródle"
"chs-04-110","takeaway|distractor:b","brak w źródle"
"chs-04-111","trap|distractor:d","brak w źródle"
"chs-04-112","trap|distractor:e","brak w źródle"
"chs-04-113","takeaway|distractor:e","brak w źródle"
"chs-04-114","trap|distractor:e","brak w źródle"
"chs-04-115","distractor:a","brak w źródle"
"chs-04-116","trap|distractor:b","brak w źródle"
"chs-04-117","trap|distractor:d","brak w źródle"
"chs-04-118","distractor:c","brak w źródle"
"chs-04-119","trap|distractor:a","brak w źródle"
"chs-04-120","trap|distractor:d","brak w źródle"
"chs-04-121","distractor:d","brak w źródle"
"chs-04-122","trap|distractor:a","brak w źródle"
"chs-04-123","trap|distractor:c","brak w źródle"
"chs-04-124","trap|distractor:d","brak w źródle"
"chs-04-125","trap|distractor:e","brak w źródle"
"chs-04-126","trap|distractor:e","brak w źródle"
"chs-04-127","distractor:b","brak w źródle"
"chs-04-128","distractor:d","brak w źródle"
"chs-04-129","trap|distractor:e","brak w źródle"
"chs-04-130","trap|distractor:c","brak w źródle"
"chs-04-131","trap|distractor:a","brak w źródle"
"chs-04-132","trap|distractor:d","brak w źródle"
"chs-04-133","trap|distractor:a|distractor:c","brak w źródle"
"chs-04-134","takeaway|distractor:c|distractor:e","brak w źródle"
"chs-04-135","trap|distractor:e","brak w źródle"
"chs-04-136","takeaway|distractor:c|distractor:d","brak w źródle"
"chs-04-137","trap|distractor:b|distractor:d","brak w źródle"
"chs-04-138","takeaway|distractor:c|distractor:e","brak w źródle"
"chs-04-139","trap|distractor:a|distractor:e","brak w źródle"
"chs-04-140","takeaway|distractor:b|distractor:d","brak w źródle"
"chs-04-141","trap|distractor:d|distractor:e","brak w źródle"
"chs-04-142","takeaway|distractor:c|distractor:d","brak w źródle"
"chs-04-143","trap|distractor:e","brak w źródle"
"chs-04-144","takeaway|distractor:b|distractor:e","brak w źródle"
"chs-04-145","trap|distractor:d|distractor:e","brak w źródle"
"chs-04-146","trap|distractor:b|distractor:e","brak w źródle"
"chs-04-147","takeaway|distractor:b|distractor:e","brak w źródle"
"chs-04-148","trap|distractor:a|distractor:c","brak w źródle"
"chs-04-149","takeaway|distractor:b|distractor:c","brak w źródle"
"chs-04-150","trap|distractor:a|distractor:b","brak w źródle"
"chs-04-151","trap|distractor:a|distractor:c","brak w źródle"
"chs-04-152","trap|distractor:b","brak w źródle"
"chs-04-153","takeaway|distractor:a|distractor:e","brak w źródle"
"chs-04-154","trap|distractor:b|distractor:c","brak w źródle"
"chs-04-155","takeaway|distractor:b","brak w źródle"
"chs-04-156","trap|distractor:c","brak w źródle"
"chs-04-157","trap|distractor:b","brak w źródle"
"chs-04-158","takeaway|distractor:b","brak w źródle"
"chs-04-159","trap|distractor:c|distractor:e","brak w źródle"
"chs-04-160","takeaway|distractor:b|distractor:c","brak w źródle"
"chs-04-161","trap|distractor:b","brak w źródle"
"chs-04-162","takeaway|distractor:a|distractor:b","brak w źródle"
"chs-04-163","trap|distractor:c","brak w źródle"
"chs-04-164","takeaway|distractor:d|distractor:e","brak w źródle"
"chs-04-165","trap|distractor:b","brak w źródle"
"chs-04-166","takeaway|distractor:a","brak w źródle"
"chs-04-167","trap|distractor:b|distractor:e","brak w źródle"
"chs-04-168","takeaway|distractor:a|distractor:c","brak w źródle"
"chs-04-169","trap|distractor:c","brak w źródle"
"chs-04-170","trap|distractor:d","brak w źródle"
"chs-04-171","trap|distractor:e","brak w źródle"
"chs-04-172","takeaway|distractor:b","brak w źródle"
"chs-04-173","trap|distractor:d","brak w źródle"
"chs-04-174","trap|distractor:e","brak w źródle"
"chs-04-175","takeaway|distractor:a","brak w źródle"
"chs-04-176","trap|distractor:b","brak w źródle"
"chs-04-177","trap|distractor:c","brak w źródle"
"chs-04-178","trap|distractor:b|distractor:c","brak w źródle"
"chs-04-179","trap|distractor:a|distractor:b","brak w źródle"
"chs-04-180","takeaway|distractor:b|distractor:c","brak w źródle"
"chs-04-181","trap|distractor:e","brak w źródle"
"chs-04-182","takeaway|distractor:e","brak w źródle"
"chs-04-183","trap|distractor:c","brak w źródle"
"chs-04-184","trap|distractor:e","brak w źródle"
"chs-04-185","trap|distractor:c|distractor:d","brak w źródle"
"chs-04-186","takeaway|distractor:d","brak w źródle"
"chs-04-187","takeaway|distractor:a","brak w źródle"
"chs-05-001","trap|distractor:c","brak w źródle"
"chs-05-002","takeaway|distractor:e","brak w źródle"
"chs-05-003","trap|distractor:b","brak w źródle"
"chs-05-004","trap|distractor:e","brak w źródle"
"chs-05-005","takeaway|distractor:a","brak w źródle"
"chs-05-006","trap|distractor:b","brak w źródle"
"chs-05-007","takeaway|distractor:c","brak w źródle"
"chs-05-008","trap|distractor:a","brak w źródle"
"chs-05-009","trap|distractor:b","brak w źródle"
"chs-05-010","takeaway|distractor:b","brak w źródle"
"chs-05-011","trap|distractor:e","brak w źródle"
"chs-05-012","takeaway|distractor:d","brak w źródle"
"chs-05-013","takeaway|distractor:d","brak w źródle"
"chs-05-014","trap|distractor:a","brak w źródle"
"chs-05-015","trap|distractor:c","brak w źródle"
"chs-05-016","takeaway|distractor:c","brak w źródle"
"chs-05-017","takeaway|distractor:d","brak w źródle"
"chs-05-018","trap|distractor:e","brak w źródle"
"chs-05-019","takeaway|distractor:c","brak w źródle"
"chs-05-020","trap|distractor:c","brak w źródle"
"chs-05-021","takeaway|distractor:e","brak w źródle"
"chs-05-022","trap|distractor:e","brak w źródle"
"chs-05-023","distractor:b|distractor:e","brak w źródle"
"chs-05-024","trap|distractor:e","brak w źródle"
"chs-05-025","distractor:d","brak w źródle"
"chs-05-026","trap|distractor:b","brak w źródle"
"chs-05-027","distractor:a|distractor:e","brak w źródle"
"chs-05-028","distractor:a|distractor:e","brak w źródle"
"chs-05-029","distractor:d","brak w źródle"
"chs-05-030","trap|distractor:b","brak w źródle"
"chs-05-031","distractor:e","brak w źródle"
"chs-05-032","trap|distractor:c","brak w źródle"
"chs-05-033","distractor:b","brak w źródle"
"chs-05-034","distractor:c|distractor:d","brak w źródle"
"chs-05-035","trap|distractor:e","brak w źródle"
"chs-05-036","distractor:b|distractor:d","brak w źródle"
"chs-05-037","distractor:d","brak w źródle"
"chs-05-038","distractor:e","brak w źródle"
"chs-05-039","distractor:d","brak w źródle"
"chs-05-040","distractor:a|distractor:e","brak w źródle"
"chs-05-041","distractor:b|distractor:e","brak w źródle"
"chs-05-042","distractor:a|distractor:e","brak w źródle"
"chs-05-043","trap|distractor:b|distractor:c","brak w źródle"
"chs-05-044","trap|distractor:a|distractor:c","brak w źródle"
"chs-05-045","distractor:a|distractor:c","brak w źródle"
"chs-05-046","distractor:d","brak w źródle"
"chs-05-047","trap|distractor:e","brak w źródle"
"chs-05-048","trap|distractor:a","brak w źródle"
"chs-05-049","distractor:a|distractor:c","brak w źródle"
"chs-05-050","trap|distractor:e","brak w źródle"
"chs-05-051","distractor:b|distractor:d","brak w źródle"
"chs-05-052","distractor:b|distractor:d","brak w źródle"
"chs-05-053","distractor:b|distractor:d","brak w źródle"
"chs-05-054","trap|distractor:b|distractor:c","brak w źródle"
"chs-05-055","trap|distractor:a|distractor:e","brak w źródle"
"chs-05-056","distractor:a|distractor:d","brak w źródle"
"chs-05-057","trap|distractor:b|distractor:c","brak w źródle"
"chs-05-058","distractor:b|distractor:c","brak w źródle"
"chs-05-059","trap|distractor:c|distractor:e","brak w źródle"
"chs-05-060","trap|distractor:b","brak w źródle"
"chs-05-061","trap|distractor:b|distractor:d","brak w źródle"
"chs-05-062","trap|distractor:b|distractor:c|distractor:d|distractor:e","distractor_unmatched: na poziomie powierzchni żujących dolnych trzonowców; distractor_unmatched: za tylnym brzegiem gałęzi żuchwy; distractor_unmatched: tuż przed ujściem przewodu ślinianki przyusznej"
"chs-05-063","takeaway|distractor:d","brak w źródle"
"chs-05-064","trap|distractor:a|distractor:b|distractor:c|distractor:e","distractor_unmatched: 20 °C dla artykainy oraz 30 °C dla pozostałych amidów; distractor_unmatched: 15 °C dla artykainy oraz 20 °C dla pozostałych amidów; distractor_unmatched: 37 °C dla artykainy oraz 30 °C dla pozostałych amidów"
"chs-05-065","takeaway|distractor:a|distractor:b|distractor:c|distractor:e","distractor_unmatched: zranienie naczynia krwionośnego zagiętym czubkiem igły; distractor_unmatched: zdeponowanie leku w przestrzeni przygardłowej; distractor_unmatched: uszkodzenie nerwu językowego"
"chs-05-066","trap|distractor:c","brak w źródle"
"chs-05-067","takeaway|distractor:a|distractor:c|distractor:d|distractor:e","distractor_unmatched: natychmiastowe usunięcie odłamka kleszczykami przez ranę wkłucia; distractor_unmatched: obserwacja bez interwencji; distractor_unmatched: dokończenie planowanego zabiegu"
"chs-05-068","trap|distractor:b|distractor:c|distractor:d|distractor:e","distractor_unmatched: anemizacja skóry twarzy jest powikłaniem trwałym; distractor_unmatched: martwica skóry brody powstaje po podaniu leku do żyły twarzowej; distractor_unmatched: martwica błony śluzowej dotyczy głównie policzka"
"chs-05-069","takeaway|distractor:e","brak w źródle"
"chs-05-070","trap|distractor:a","brak w źródle"
"chs-05-071","takeaway|distractor:d|distractor:e","distractor_unmatched: przecięcie okostnej na całej długości płata"
"chs-05-072","trap|distractor:c|distractor:e","distractor_unmatched: półkoliście, z podstawą skierowaną do sklepienia przedsionka"
"chs-05-073","takeaway|distractor:e","brak w źródle"
"chs-05-074","trap|distractor:e","brak w źródle"
"chs-05-075","trap|distractor:a|distractor:b|distractor:e","distractor_unmatched: półkolisty kształt linii cięcia; distractor_unmatched: gorsze unaczynienie płata i dłuższe gojenie rany"
"chs-05-076","takeaway|distractor:a|distractor:b|distractor:c|distractor:e","distractor_unmatched: cięcie trapezowate brzeżne Neumanna; distractor_unmatched: cięcie do gingiwektomii; distractor_unmatched: cięcie proste Mesfana"
"chs-05-077","trap|distractor:a|distractor:b|distractor:c|distractor:d","distractor_unmatched: prostopadle do szwu podniebiennego; distractor_unmatched: po obu stronach tętnicy podniebiennej; distractor_unmatched: wzdłuż girlandy dziąsłowej zębów bocznych"
"chs-05-078","trap|distractor:b","brak w źródle"
"chs-05-079","takeaway|distractor:e","brak w źródle"
"chs-05-080","trap|distractor:d","brak w źródle"
"chs-05-081","distractor:d","brak w źródle"
"chs-05-082","trap|distractor:e","brak w źródle"
"chs-05-083","trap|distractor:c","brak w źródle"
"chs-05-084","distractor:a","brak w źródle"
"chs-05-085","distractor:e","brak w źródle"
"chs-05-086","trap|distractor:b|distractor:c","brak w źródle"
"chs-05-087","trap|distractor:c|distractor:d","brak w źródle"
"chs-05-088","trap|distractor:d|distractor:e","brak w źródle"
"chs-05-089","trap|distractor:a","brak w źródle"
"chs-05-090","distractor:d","brak w źródle"
"chs-05-091","trap|distractor:b","brak w źródle"
"chs-05-092","trap|distractor:c","brak w źródle"
"chs-05-093","distractor:c","brak w źródle"
"chs-05-094","trap|distractor:a","brak w źródle"
"chs-05-095","distractor:d","brak w źródle"
"chs-05-096","trap|distractor:c","brak w źródle"
"chs-05-097","trap|distractor:b","brak w źródle"
"chs-05-098","trap|distractor:d","brak w źródle"
"chs-05-099","trap|distractor:d","brak w źródle"
"chs-05-100","distractor:e","brak w źródle"
"chs-05-101","trap|distractor:e","brak w źródle"
"chs-05-102","distractor:e","brak w źródle"
"chs-05-103","trap|distractor:b","brak w źródle"
"chs-05-104","takeaway|distractor:e","brak w źródle"
"chs-05-105","trap|distractor:a","brak w źródle"
"chs-05-106","trap|distractor:e","brak w źródle"
"chs-05-107","takeaway|distractor:d","brak w źródle"
"chs-05-108","trap|distractor:d","brak w źródle"
"chs-05-109","trap|distractor:c","brak w źródle"
"chs-05-110","takeaway|distractor:e","brak w źródle"
"chs-05-111","takeaway|distractor:d","brak w źródle"
"chs-05-112","trap|distractor:e","brak w źródle"
"chs-05-113","trap|distractor:d","brak w źródle"
"chs-05-114","takeaway|distractor:b","brak w źródle"
"chs-05-115","trap|distractor:c","brak w źródle"
"chs-05-116","takeaway|distractor:a","brak w źródle"
"chs-05-117","takeaway|distractor:e","brak w źródle"
"chs-05-118","trap|distractor:e","brak w źródle"
"chs-05-119","trap|distractor:d","brak w źródle"
"chs-05-120","trap|distractor:c","brak w źródle"
"chs-05-121","distractor:e","brak w źródle"
"chs-05-122","trap|distractor:c","brak w źródle"
"chs-05-123","trap|distractor:c","brak w źródle"
"chs-05-124","trap|distractor:b","brak w źródle"
"chs-05-125","distractor:e","brak w źródle"
"chs-05-126","trap|distractor:a","brak w źródle"
"chs-05-127","trap|distractor:a","brak w źródle"
"chs-05-128","trap|distractor:e","brak w źródle"
"chs-05-129","trap|distractor:a|distractor:e","brak w źródle"
"chs-05-130","distractor:b|distractor:d","brak w źródle"
"chs-05-131","trap|distractor:c|distractor:d","brak w źródle"
"chs-05-132","trap|distractor:a","brak w źródle"
"chs-05-133","trap|distractor:a","brak w źródle"
"chs-05-134","trap|distractor:e","brak w źródle"
"chs-05-135","trap|distractor:d","brak w źródle"
"chs-05-136","trap|distractor:b|distractor:c|distractor:e","distractor_unmatched: faza zapalna, faza formowania kostniny, faza proliferacyjna, faza modelowania i przebudowy wewnętrznej; distractor_unmatched: faza proliferacyjna, faza zapalna, faza formowania kostniny, faza modelowania i przebudowy wewnętrznej"
"chs-05-137","trap|distractor:e","brak w źródle"
"chs-05-138","trap|distractor:c","brak w źródle"
"chs-05-139","trap|distractor:b","brak w źródle"
"chs-05-140","trap|distractor:b|distractor:c","brak w źródle"
"chs-05-141","takeaway|distractor:d","brak w źródle"
"chs-05-142","trap|distractor:e","brak w źródle"
"chs-05-143","takeaway|distractor:e","brak w źródle"
"chs-05-144","takeaway|distractor:d","brak w źródle"
"chs-05-145","trap|distractor:a","brak w źródle"
"chs-05-146","trap|distractor:b","brak w źródle"
"chs-05-147","trap|distractor:e","brak w źródle"
"chs-05-148","trap|distractor:c","brak w źródle"
"chs-05-149","takeaway|distractor:b","brak w źródle"
"chs-05-150","trap|distractor:d","brak w źródle"
"chs-05-151","trap|distractor:a","brak w źródle"
"chs-05-152","trap|distractor:c","brak w źródle"
"chs-05-153","trap|distractor:d","brak w źródle"
"chs-05-154","takeaway|distractor:d","brak w źródle"
"chs-05-155","trap|distractor:c","brak w źródle"
"chs-05-156","trap|distractor:d","brak w źródle"
"chs-05-157","takeaway|distractor:d","brak w źródle"
"chs-05-158","takeaway|distractor:e","brak w źródle"
"chs-05-159","trap|distractor:c|distractor:e","distractor_unmatched: prostnica z wiertłem osiąga niższe prędkości obrotowe niż mikropiła"
"chs-05-160","takeaway|distractor:c","brak w źródle"
"chs-05-161","trap|distractor:d","brak w źródle"
"chs-05-162","takeaway|distractor:e","brak w źródle"
"chs-05-163","trap|distractor:a|distractor:d|distractor:e","distractor_unmatched: cięcie rozbieżne ku sklepieniu przedsionka zabezpiecza płat przed martwicą; distractor_unmatched: kość odsłania się w możliwie najmniejszym zakresie"
"chs-05-164","takeaway|distractor:a","brak w źródle"
"chs-05-165","trap|distractor:b","brak w źródle"
"chs-05-166","trap|distractor:a|distractor:c|distractor:e","distractor_unmatched: zakończenie zabiegu i pozostawienie fragmentu korzenia; distractor_unmatched: wypełnienie powstałego ubytku kostnego biomateriałem"
"chs-05-167","trap|distractor:c","brak w źródle"
"chs-05-168","takeaway|distractor:e","brak w źródle"
"chs-05-169","trap|distractor:d|distractor:e","brak w źródle"
"chs-05-170","takeaway|distractor:a|distractor:e","distractor_unmatched: teoria filogenetyczna wywodzi zatrzymanie z dziedziczenia małych szczęk i dużych zębów"
"chs-05-171","takeaway|distractor:d","brak w źródle"
"chs-05-172","trap|distractor:d","brak w źródle"
"chs-05-173","takeaway|distractor:d","brak w źródle"
"chs-05-174","trap|distractor:a","brak w źródle"
"chs-05-175","takeaway|distractor:e","brak w źródle"
"chs-05-176","trap|distractor:e","brak w źródle"
"chs-05-177","takeaway|distractor:d","brak w źródle"
"chs-05-178","trap|distractor:e","brak w źródle"
"chs-05-179","trap|distractor:d","brak w źródle"
"chs-05-180","takeaway|distractor:b","brak w źródle"
"chs-05-181","trap|distractor:a","brak w źródle"
"chs-05-182","trap|distractor:d","brak w źródle"
"chs-05-183","takeaway|distractor:b","brak w źródle"
"chs-05-184","trap|distractor:b","brak w źródle"
"chs-05-185","takeaway|distractor:c","brak w źródle"
"chs-05-186","trap|distractor:d","brak w źródle"
"chs-05-187","trap|distractor:e","brak w źródle"
"chs-05-188","takeaway|distractor:e","brak w źródle"
"chs-05-189","takeaway|distractor:d","brak w źródle"
"chs-05-190","trap|distractor:e","brak w źródle"
"chs-05-191","takeaway|distractor:a","brak w źródle"
"chs-05-192","trap|distractor:e","brak w źródle"
"chs-05-193","takeaway|distractor:b","brak w źródle"
"chs-05-194","trap|distractor:b","brak w źródle"
"chs-05-195","trap|distractor:e","brak w źródle"
"chs-05-196","takeaway|distractor:e","brak w źródle"
"chs-06-001","trap|distractor:b|distractor:c","brak w źródle"
"chs-06-002","distractor:c|distractor:e","brak w źródle"
"chs-06-003","distractor:e","brak w źródle"
"chs-06-004","trap|distractor:a|distractor:e","distractor_unmatched: wygładzenie ostrych brzegów kości jeszcze przed oddzieleniem blaszki korowej od okostnej"
"chs-06-005","distractor:d","brak w źródle"
"chs-06-006","trap|distractor:c","brak w źródle"
"chs-06-007","distractor:a|distractor:d","brak w źródle"
"chs-06-008","distractor:d","brak w źródle"
"chs-06-009","trap|distractor:a","brak w źródle"
"chs-06-010","trap|distractor:d","brak w źródle"
"chs-06-011","distractor:d","brak w źródle"
"chs-06-012","trap|distractor:a","brak w źródle"
"chs-06-013","trap|distractor:b|distractor:e","brak w źródle"
"chs-06-014","distractor:b","brak w źródle"
"chs-06-015","distractor:b|distractor:d","brak w źródle"
"chs-06-016","trap|distractor:d","brak w źródle"
"chs-06-017","distractor:d","brak w źródle"
"chs-06-018","distractor:e","brak w źródle"
"chs-06-019","trap|distractor:b|distractor:d","brak w źródle"
"chs-06-020","distractor:b|distractor:e","brak w źródle"
"chs-06-021","distractor:c","brak w źródle"
"chs-06-022","distractor:c|distractor:d","brak w źródle"
"chs-06-023","trap|distractor:e","brak w źródle"
"chs-06-024","takeaway|distractor:e","brak w źródle"
"chs-06-025","trap|distractor:b|distractor:c","brak w źródle"
"chs-06-026","trap|distractor:b|distractor:d","brak w źródle"
"chs-06-027","distractor:b|distractor:e","brak w źródle"
"chs-06-028","distractor:c|distractor:d","brak w źródle"
"chs-06-029","distractor:c","brak w źródle"
"chs-06-030","trap|distractor:b|distractor:c","brak w źródle"
"chs-06-031","distractor:c|distractor:e","brak w źródle"
"chs-06-032","trap|distractor:c","brak w źródle"
"chs-06-033","distractor:b|distractor:d","brak w źródle"
"chs-06-034","trap|distractor:c","brak w źródle"
"chs-06-035","distractor:b|distractor:d","brak w źródle"
"chs-06-036","distractor:c|distractor:d","brak w źródle"
"chs-06-037","trap|distractor:c","brak w źródle"
"chs-06-038","trap|distractor:a","brak w źródle"
"chs-06-039","distractor:d|distractor:e","brak w źródle"
"chs-06-040","distractor:d","brak w źródle"
"chs-06-041","trap|distractor:b","brak w źródle"
"chs-06-042","distractor:b|distractor:e","brak w źródle"
"chs-06-043","distractor:d","brak w źródle"
"chs-06-044","trap|distractor:c","brak w źródle"
"chs-06-045","distractor:a","brak w źródle"
"chs-06-046","trap|distractor:e","brak w źródle"
"chs-06-047","distractor:b","brak w źródle"
"chs-06-048","trap|distractor:e","brak w źródle"
"chs-06-049","distractor:b","brak w źródle"
"chs-06-050","trap|distractor:d","brak w źródle"
"chs-06-051","distractor:d","brak w źródle"
"chs-06-052","trap|distractor:a","brak w źródle"
"chs-06-053","distractor:b","brak w źródle"
"chs-06-054","trap|distractor:e","brak w źródle"
"chs-06-055","distractor:d","brak w źródle"
"chs-06-056","trap|distractor:a","brak w źródle"
"chs-06-057","distractor:b","brak w źródle"
"chs-06-058","distractor:a","brak w źródle"
"chs-06-059","trap|distractor:e","brak w źródle"
"chs-06-060","distractor:d","brak w źródle"
"chs-06-061","distractor:c|distractor:e","brak w źródle"
"chs-06-062","trap|distractor:b|distractor:c|distractor:d","distractor_unmatched: krwawienie pierwotne, reaktywne, wczesne, wtórne, powtórne (duplikat a)"
"chs-06-063","distractor:b|distractor:c","brak w źródle"
"chs-06-064","trap|distractor:a","brak w źródle"
"chs-06-065","trap|distractor:a","brak w źródle"
"chs-06-066","distractor:a|distractor:d","brak w źródle"
"chs-06-067","distractor:c|distractor:d","brak w źródle"
"chs-06-068","distractor:a|distractor:e","brak w źródle"
"chs-06-069","distractor:c|distractor:d","brak w źródle"
"chs-06-070","distractor:b|distractor:c","brak w źródle"
"chs-06-071","trap|distractor:e","brak w źródle"
"chs-06-072","trap|distractor:c","brak w źródle"
"chs-06-073","distractor:a|distractor:d","brak w źródle"
"chs-06-074","trap|distractor:d|distractor:e","brak w źródle"
"chs-06-075","trap|distractor:e","brak w źródle"
"chs-06-076","distractor:c","brak w źródle"
"chs-06-077","distractor:c|distractor:e","brak w źródle"
"chs-06-078","distractor:c|distractor:e","brak w źródle"
"chs-06-079","distractor:a|distractor:d","brak w źródle"
"chs-06-080","distractor:e","brak w źródle"
"chs-06-081","distractor:d","brak w źródle"
"chs-06-082","distractor:e","brak w źródle"
"chs-06-083","distractor:d","brak w źródle"
"chs-06-084","distractor:c","brak w źródle"
"chs-06-085","distractor:e","brak w źródle"
"chs-06-086","distractor:c","brak w źródle"
"chs-06-087","distractor:b","brak w źródle"
"chs-06-088","trap|distractor:d","brak w źródle"
"chs-06-089","distractor:a","brak w źródle"
"chs-06-090","distractor:c","brak w źródle"
"chs-06-091","distractor:b","brak w źródle"
"chs-06-092","distractor:c","brak w źródle"
"chs-06-093","distractor:a","brak w źródle"
"chs-06-094","distractor:c","brak w źródle"
"chs-06-095","distractor:e","brak w źródle"
"chs-06-096","distractor:d","brak w źródle"
"chs-06-097","distractor:e","brak w źródle"
"chs-06-098","trap|distractor:e","brak w źródle"
"chs-06-099","takeaway|distractor:b","brak w źródle"
"chs-06-100","distractor:c","brak w źródle"
"chs-06-101","trap|distractor:c","brak w źródle"
"chs-06-102","distractor:b","brak w źródle"
"chs-06-103","trap|distractor:d","brak w źródle"
"chs-06-104","takeaway|distractor:d","brak w źródle"
"chs-06-105","trap|distractor:b","brak w źródle"
"chs-06-106","distractor:b","brak w źródle"
"chs-06-107","trap|distractor:d","brak w źródle"
"chs-06-108","takeaway|distractor:e","brak w źródle"
"chs-06-109","distractor:e","brak w źródle"
"chs-06-110","trap|distractor:e","brak w źródle"
"chs-06-111","takeaway|distractor:c","brak w źródle"
"chs-06-112","trap|distractor:a","brak w źródle"
"chs-06-113","trap|distractor:a","brak w źródle"
"chs-06-114","distractor:b","brak w źródle"
"chs-06-115","distractor:d","brak w źródle"
"chs-06-116","trap|distractor:a","brak w źródle"
"chs-06-117","trap|distractor:d","brak w źródle"
"chs-06-118","distractor:d","brak w źródle"
"chs-06-119","trap|distractor:d","brak w źródle"
"chs-06-120","takeaway|distractor:a","brak w źródle"
"chs-06-121","trap|distractor:e","brak w źródle"
"chs-06-122","takeaway|distractor:a|distractor:d","brak w źródle"
"chs-06-123","trap|distractor:b","brak w źródle"
"chs-06-124","takeaway|distractor:a","brak w źródle"
"chs-06-125","trap|distractor:d","brak w źródle"
"chs-06-126","takeaway|distractor:e","brak w źródle"
"chs-06-127","trap|distractor:d","brak w źródle"
"chs-06-128","takeaway|distractor:c","brak w źródle"
"chs-06-129","trap|distractor:c","brak w źródle"
"chs-06-130","takeaway|distractor:c","brak w źródle"
"chs-06-131","trap|distractor:b","brak w źródle"
"chs-06-132","takeaway|distractor:d","brak w źródle"
"chs-06-133","trap|distractor:b","brak w źródle"
"chs-06-134","takeaway|distractor:b","brak w źródle"
"chs-06-135","trap|distractor:d","brak w źródle"
"chs-06-136","trap|distractor:a|distractor:e","brak w źródle"
"chs-06-137","trap|distractor:e","brak w źródle"
"chs-06-138","distractor:e","brak w źródle"
"chs-06-139","distractor:d","brak w źródle"
"chs-06-140","distractor:b","brak w źródle"
"chs-06-141","trap|distractor:b","brak w źródle"
"chs-06-142","trap|distractor:c","brak w źródle"
"chs-06-143","trap|distractor:c","brak w źródle"
"chs-06-144","trap|distractor:e","brak w źródle"
"chs-06-145","distractor:c","brak w źródle"
"chs-06-146","trap|distractor:e","brak w źródle"
"chs-06-147","distractor:d","brak w źródle"
"chs-06-148","trap|distractor:e","brak w źródle"
"chs-06-149","distractor:a","brak w źródle"
"chs-06-150","trap|distractor:e","brak w źródle"
"chs-06-151","distractor:b","brak w źródle"
"chs-06-152","distractor:c","brak w źródle"
"chs-06-153","distractor:d","brak w źródle"
"chs-06-154","distractor:c","brak w źródle"
"chs-06-155","distractor:b","brak w źródle"
"chs-06-156","distractor:c","brak w źródle"
"chs-06-157","distractor:d","brak w źródle"
"chs-06-158","distractor:e","brak w źródle"
"chs-06-159","distractor:d","brak w źródle"
"chs-06-160","distractor:b","brak w źródle"
"chs-06-161","distractor:e","brak w źródle"
"chs-06-162","distractor:e","brak w źródle"
"chs-06-163","distractor:e","brak w źródle"
"chs-06-164","distractor:e","brak w źródle"
"chs-06-165","distractor:e","brak w źródle"
"chs-06-166","distractor:e","brak w źródle"
"chs-06-167","distractor:b","brak w źródle"
"chs-06-168","distractor:a","brak w źródle"
"chs-06-169","distractor:a","brak w źródle"
"chs-06-170","distractor:d","brak w źródle"
"chs-06-171","distractor:b","brak w źródle"
"chs-06-172","distractor:b","brak w źródle"
"chs-07-001","distractor:c","brak w źródle"
"chs-07-002","trap|distractor:e","brak w źródle"
"chs-07-003","trap|distractor:c","brak w źródle"
"chs-07-004","trap|distractor:d","brak w źródle"
"chs-07-005","takeaway|distractor:b","brak w źródle"
"chs-07-006","takeaway|distractor:b","brak w źródle"
"chs-07-007","trap|distractor:e","brak w źródle"
"chs-07-008","trap|distractor:b","brak w źródle"
"chs-07-009","distractor:e","brak w źródle"
"chs-07-010","trap|distractor:c","brak w źródle"
"chs-07-011","takeaway|distractor:e","brak w źródle"
"chs-07-012","trap|distractor:d","brak w źródle"
"chs-07-013","takeaway|distractor:b","brak w źródle"
"chs-07-014","trap|distractor:e","brak w źródle"
"chs-07-015","takeaway|distractor:c","brak w źródle"
"chs-07-016","trap|distractor:e","brak w źródle"
"chs-07-017","trap|distractor:d","brak w źródle"
"chs-07-018","trap|distractor:c","brak w źródle"
"chs-07-019","takeaway|distractor:e","brak w źródle"
"chs-07-020","trap|distractor:b","brak w źródle"
"chs-07-021","takeaway|distractor:c","brak w źródle"
"chs-07-022","trap|distractor:b|distractor:c","brak w źródle"
"chs-07-023","distractor:b","brak w źródle"
"chs-07-024","distractor:a|distractor:e","brak w źródle"
"chs-07-025","trap|distractor:c|distractor:d","brak w źródle"
"chs-07-026","trap|distractor:e","brak w źródle"
"chs-07-027","trap|distractor:c","brak w źródle"
"chs-07-028","trap|distractor:b|distractor:d","brak w źródle"
"chs-07-029","trap|distractor:a","brak w źródle"
"chs-07-030","distractor:d|distractor:e","brak w źródle"
"chs-07-031","trap|distractor:e","brak w źródle"
"chs-07-032","trap|distractor:b","brak w źródle"
"chs-07-033","trap|distractor:b|distractor:e","brak w źródle"
"chs-07-034","distractor:d|distractor:e","brak w źródle"
"chs-07-035","trap|distractor:b","brak w źródle"
"chs-07-036","trap|distractor:a","brak w źródle"
"chs-07-037","trap|distractor:a|distractor:e","brak w źródle"
"chs-07-038","trap|distractor:e","brak w źródle"
"chs-07-039","trap|distractor:e","brak w źródle"
"chs-07-040","trap|distractor:b|distractor:c","brak w źródle"
"chs-07-041","distractor:e","brak w źródle"
"chs-07-042","distractor:e","brak w źródle"
"chs-07-043","distractor:e","brak w źródle"
"chs-07-044","distractor:e","brak w źródle"
"chs-07-045","distractor:c","brak w źródle"
"chs-07-046","trap|distractor:b","brak w źródle"
"chs-07-047","distractor:e","brak w źródle"
"chs-07-048","trap|distractor:e","brak w źródle"
"chs-07-049","distractor:e","brak w źródle"
"chs-07-050","distractor:d","brak w źródle"
"chs-07-051","distractor:b","brak w źródle"
"chs-07-052","distractor:b","brak w źródle"
"chs-07-053","distractor:d","brak w źródle"
"chs-07-054","trap|distractor:e","brak w źródle"
"chs-07-055","distractor:b","brak w źródle"
"chs-07-056","distractor:e","brak w źródle"
"chs-07-057","trap|distractor:b","brak w źródle"
"chs-07-058","distractor:b","brak w źródle"
"chs-07-059","distractor:d","brak w źródle"
"chs-07-060","trap|distractor:b|distractor:e","brak w źródle"
"chs-07-061","trap|distractor:e","brak w źródle"
"chs-07-062","trap|distractor:a|distractor:d","brak w źródle"
"chs-07-063","distractor:a|distractor:c","brak w źródle"
"chs-07-064","trap|distractor:b|distractor:e","brak w źródle"
"chs-07-065","trap|distractor:b|distractor:c","brak w źródle"
"chs-07-066","trap|distractor:b|distractor:c","brak w źródle"
"chs-07-067","distractor:d|distractor:e","brak w źródle"
"chs-07-068","trap|distractor:d|distractor:e","brak w źródle"
"chs-07-069","distractor:d|distractor:e","brak w źródle"
"chs-07-070","trap|distractor:e","brak w źródle"
"chs-07-071","distractor:b|distractor:d","brak w źródle"
"chs-07-072","trap|distractor:d","brak w źródle"
"chs-07-073","trap|distractor:b","brak w źródle"
"chs-07-074","trap|distractor:c|distractor:e","brak w źródle"
"chs-07-075","trap|distractor:b|distractor:c","brak w źródle"
"chs-07-076","distractor:c","brak w źródle"
"chs-07-077","trap|distractor:c|distractor:e","brak w źródle"
"chs-07-078","distractor:a|distractor:d","brak w źródle"
"chs-07-079","trap|distractor:d|distractor:e","brak w źródle"
"chs-07-080","distractor:b|distractor:c","brak w źródle"
"chs-07-081","trap|distractor:c|distractor:e","brak w źródle"
"chs-07-082","takeaway|distractor:c|distractor:d","brak w źródle"
"chs-07-083","takeaway|distractor:b|distractor:d","brak w źródle"
"chs-07-084","trap|distractor:b|distractor:d","brak w źródle"
"chs-07-085","trap|distractor:a|distractor:c","brak w źródle"
"chs-07-086","trap|distractor:c|distractor:e","brak w źródle"
"chs-07-087","takeaway|distractor:d|distractor:e","brak w źródle"
"chs-07-088","takeaway|distractor:a|distractor:e","brak w źródle"
"chs-07-089","trap|distractor:b|distractor:c","brak w źródle"
"chs-07-090","takeaway|distractor:c|distractor:d","brak w źródle"
"chs-07-091","trap|distractor:b|distractor:c","brak w źródle"
"chs-07-092","takeaway|distractor:a|distractor:d","brak w źródle"
"chs-07-093","trap|distractor:b|distractor:e","brak w źródle"
"chs-07-094","takeaway|distractor:b|distractor:e","brak w źródle"
"chs-07-095","trap|distractor:b|distractor:e","brak w źródle"
"chs-07-096","takeaway|distractor:b|distractor:c","brak w źródle"
"chs-07-097","trap|distractor:b|distractor:e","brak w źródle"
"chs-07-098","takeaway|distractor:b|distractor:c","brak w źródle"
"chs-07-099","distractor:d","brak w źródle"
"chs-07-100","trap|distractor:b","brak w źródle"
"chs-07-101","distractor:b","brak w źródle"
"chs-07-102","trap|distractor:e","brak w źródle"
"chs-07-103","trap|distractor:b|distractor:c","brak w źródle"
"chs-07-104","distractor:a","brak w źródle"
"chs-07-105","trap|distractor:e","brak w źródle"
"chs-07-106","trap|distractor:d","brak w źródle"
"chs-07-107","trap|distractor:e","brak w źródle"
"chs-07-108","distractor:e","brak w źródle"
"chs-07-109","distractor:c|distractor:e","brak w źródle"
"chs-07-110","trap|distractor:a|distractor:d","brak w źródle"
"chs-07-111","distractor:b|distractor:c","brak w źródle"
"chs-07-112","trap|distractor:c","brak w źródle"
"chs-07-113","trap|distractor:c","brak w źródle"
"chs-07-114","distractor:c|distractor:e","brak w źródle"
"chs-07-115","trap|distractor:d","brak w źródle"
"chs-08-001","trap|distractor:b","brak w źródle"
"chs-08-002","takeaway|distractor:e","brak w źródle"
"chs-08-003","trap|distractor:c","brak w źródle"
"chs-08-004","trap|distractor:b","brak w źródle"
"chs-08-005","takeaway|distractor:a|distractor:c|distractor:e","distractor_unmatched: dawka dwukrotna obniża ryzyko selekcji szczepów opornych; distractor_unmatched: poszerza spektrum przeciwbakteryjne o gronkowce"
"chs-08-006","takeaway|distractor:d","brak w źródle"
"chs-08-007","trap|distractor:e","brak w źródle"
"chs-08-008","trap|distractor:b","brak w źródle"
"chs-08-009","takeaway|distractor:c|distractor:d|distractor:e","distractor_unmatched: podaniu antybiotyku w dawce dwukrotnie wyższej niż lecznicza; distractor_unmatched: obserwacji bez interwencji"
"chs-08-010","trap|distractor:b|distractor:e","brak w źródle"
"chs-08-011","trap|distractor:c","brak w źródle"
"chs-08-012","trap|distractor:e","brak w źródle"
"chs-08-013","takeaway|distractor:b|distractor:e","distractor_unmatched: zakażenia po zabiegach wewnątrzustnych wywołują najczęściej gronkowce"
"chs-08-014","trap|distractor:a|distractor:c|distractor:e","distractor_unmatched: rana przy dostępie przez błonę śluzową należy do ran czystych; distractor_unmatched: osłonę należy prowadzić przez kilka dni po zabiegu"
"chs-08-015","takeaway|distractor:c","brak w źródle"
"chs-08-016","trap|distractor:b|distractor:e","distractor_unmatched: doustnie na 30 minut przed zabiegiem, a pozajelitowo na 60 minut przed zabiegiem"
"chs-08-017","trap|distractor:c","brak w źródle"
"chs-08-018","distractor:e","brak w źródle"
"chs-08-019","distractor:d","brak w źródle"
"chs-08-020","distractor:c","brak w źródle"
"chs-08-021","distractor:d","brak w źródle"
"chs-08-022","distractor:c","brak w źródle"
"chs-08-023","distractor:c","brak w źródle"
"chs-08-024","distractor:b","brak w źródle"
"chs-08-025","distractor:e","brak w źródle"
"chs-08-026","distractor:d","brak w źródle"
"chs-08-027","distractor:d","brak w źródle"
"chs-08-028","distractor:e","brak w źródle"
"chs-08-029","distractor:b","brak w źródle"
"chs-08-030","distractor:d","brak w źródle"
"chs-08-031","distractor:a","brak w źródle"
"chs-08-032","distractor:b","brak w źródle"
"chs-08-033","trap|distractor:d","brak w źródle"
"chs-08-034","distractor:b","brak w źródle"
"chs-08-035","distractor:b","brak w źródle"
"chs-08-036","distractor:b|distractor:c|distractor:d|distractor:e","distractor_unmatched: antybiotyk samodzielnie eliminuje czynnik sprawczy; distractor_unmatched: sama cukrzyca nakazuje systemowe podanie antybiotyku"
"chs-08-037","distractor:b|distractor:e","brak w źródle"
"chs-08-038","trap|distractor:d|distractor:e","brak w źródle"
"chs-08-039","trap|distractor:c|distractor:d","brak w źródle"
"chs-08-040","trap|distractor:d|distractor:e","brak w źródle"
"chs-08-041","trap|distractor:c|distractor:d","brak w źródle"
"chs-08-042","trap|distractor:b|distractor:d","brak w źródle"
"chs-08-043","takeaway|distractor:a|distractor:b","brak w źródle"
"chs-08-044","trap|distractor:b|distractor:e","brak w źródle"
"chs-08-045","trap|distractor:d|distractor:e","brak w źródle"
"chs-08-046","trap|distractor:c|distractor:e","brak w źródle"
"chs-08-047","takeaway|distractor:c|distractor:d","brak w źródle"
"chs-08-048","trap|distractor:c|distractor:e","brak w źródle"
"chs-08-049","takeaway|distractor:a|distractor:b","brak w źródle"
"chs-08-050","trap|distractor:a|distractor:c","brak w źródle"
"chs-08-051","trap|distractor:b|distractor:d","brak w źródle"
"chs-08-052","distractor:e","brak w źródle"
"chs-08-053","trap|distractor:d","brak w źródle"
"chs-08-054","takeaway|distractor:d","brak w źródle"
"chs-08-055","trap|distractor:b","brak w źródle"
"chs-08-056","trap|distractor:c","brak w źródle"
"chs-08-057","takeaway|distractor:b","brak w źródle"
"chs-08-058","trap|distractor:d","brak w źródle"
"chs-08-059","takeaway|distractor:e","brak w źródle"
"chs-08-060","takeaway|distractor:d","brak w źródle"
"chs-08-061","trap|distractor:c","brak w źródle"
"chs-08-062","trap|distractor:b","brak w źródle"
"chs-08-063","trap|distractor:c","brak w źródle"
"chs-08-064","trap|distractor:c","brak w źródle"
"chs-08-065","takeaway|distractor:b","brak w źródle"
"chs-08-066","trap|distractor:b","brak w źródle"
"chs-08-067","takeaway|distractor:c","brak w źródle"
"chs-08-068","distractor:d","brak w źródle"
"chs-08-069","distractor:e","brak w źródle"
"chs-08-070","trap|distractor:b","brak w źródle"
"chs-08-071","trap|distractor:c","brak w źródle"
"chs-08-072","distractor:c","brak w źródle"
"chs-08-073","trap|distractor:d","brak w źródle"
"chs-08-074","distractor:e","brak w źródle"
"chs-08-075","trap|distractor:a","brak w źródle"
"chs-08-076","trap|distractor:c","brak w źródle"
"chs-08-077","distractor:d","brak w źródle"
"chs-08-078","trap|distractor:d","brak w źródle"
"chs-08-079","distractor:e","brak w źródle"
"chs-08-080","trap|distractor:d","brak w źródle"
"chs-08-081","distractor:c","brak w źródle"
"chs-09-001","trap|distractor:d","brak w źródle"
"chs-09-002","takeaway|distractor:e","brak w źródle"
"chs-09-003","trap|distractor:e","brak w źródle"
"chs-09-004","takeaway|distractor:e","brak w źródle"
"chs-09-005","trap|distractor:e","brak w źródle"
"chs-09-006","takeaway|distractor:e","brak w źródle"
"chs-09-007","trap|distractor:b|distractor:c|distractor:e","distractor_unmatched: okres wysięku surowiczego, okres wysięku ropnego, okres zwyrodnienia śluzowego (duplikat a); distractor_unmatched: okres wysięku ropnego, okres wysięku surowiczego, okres zwyrodnienia śluzowego (duplikat a)"
"chs-09-008","takeaway|distractor:b","brak w źródle"
"chs-09-009","trap|distractor:b","brak w źródle"
"chs-09-010","takeaway|distractor:c","brak w źródle"
"chs-09-011","takeaway|distractor:d","brak w źródle"
"chs-09-012","trap|distractor:a","brak w źródle"
"chs-09-013","trap|distractor:d","brak w źródle"
"chs-09-014","trap|distractor:c","brak w źródle"
"chs-09-015","takeaway|distractor:d","brak w źródle"
"chs-09-016","trap|distractor:b","brak w źródle"
"chs-09-017","trap|distractor:e","brak w źródle"
"chs-09-018","takeaway|distractor:e","brak w źródle"
"chs-09-019","trap|distractor:e","brak w źródle"
"chs-09-020","takeaway|distractor:c","brak w źródle"
"chs-09-021","trap|distractor:d","brak w źródle"
"chs-09-022","distractor:e","brak w źródle"
"chs-09-023","trap|distractor:e","brak w źródle"
"chs-09-024","takeaway|distractor:a","brak w źródle"
"chs-09-025","trap|distractor:b","brak w źródle"
"chs-09-026","takeaway|distractor:e","brak w źródle"
"chs-09-027","trap|distractor:d","brak w źródle"
"chs-09-028","takeaway|distractor:e","brak w źródle"
"chs-09-029","trap|distractor:b","brak w źródle"
"chs-09-030","takeaway|distractor:d","brak w źródle"
"chs-09-031","trap|distractor:e","brak w źródle"
"chs-09-032","trap|distractor:d","brak w źródle"
"chs-09-033","takeaway|distractor:c","brak w źródle"
"chs-09-034","trap|distractor:e","brak w źródle"
"chs-09-035","takeaway|distractor:c","brak w źródle"
"chs-09-036","trap|distractor:a","brak w źródle"
"chs-09-037","takeaway|distractor:d","brak w źródle"
"chs-09-038","trap|distractor:e","brak w źródle"
"chs-09-039","takeaway|distractor:a","brak w źródle"
"chs-09-040","trap|distractor:c","brak w źródle"
"chs-09-041","distractor:b","brak w źródle"
"chs-09-042","takeaway|distractor:e","brak w źródle"
"chs-09-043","trap|distractor:b|distractor:e","brak w źródle"
"chs-09-044","distractor:b","brak w źródle"
"chs-09-045","trap|distractor:b|distractor:e","brak w źródle"
"chs-09-046","takeaway|distractor:c","brak w źródle"
"chs-09-047","trap|distractor:c","brak w źródle"
"chs-09-048","takeaway|distractor:a","brak w źródle"
"chs-09-049","trap|distractor:d","brak w źródle"
"chs-09-050","distractor:c","brak w źródle"
"chs-09-051","trap|distractor:d","brak w źródle"
"chs-09-052","trap|distractor:e","brak w źródle"
"chs-09-053","takeaway|distractor:d","brak w źródle"
"chs-09-054","trap|distractor:a","brak w źródle"
"chs-09-055","trap|distractor:b","brak w źródle"
"chs-09-056","trap|distractor:a","brak w źródle"
"chs-09-057","takeaway|distractor:c","brak w źródle"
"chs-09-058","trap|distractor:e","brak w źródle"
"chs-09-059","trap|distractor:b","brak w źródle"
"chs-09-060","trap|distractor:e","brak w źródle"
"chs-09-061","takeaway|distractor:d","brak w źródle"
"chs-09-062","trap|distractor:e","brak w źródle"
"chs-09-063","trap|distractor:e","brak w źródle"
"chs-09-064","takeaway|distractor:e","brak w źródle"
"chs-09-065","trap|distractor:b","brak w źródle"
"chs-09-066","takeaway|distractor:c","brak w źródle"
"chs-09-067","trap|distractor:d","brak w źródle"
"chs-09-068","takeaway|distractor:e","brak w źródle"
"chs-09-069","trap|distractor:a","brak w źródle"
"chs-09-070","trap|distractor:d","brak w źródle"
"chs-09-071","trap|distractor:d","brak w źródle"
"chs-09-072","takeaway|distractor:e","brak w źródle"
"chs-09-073","trap|distractor:e","brak w źródle"
"chs-09-074","takeaway|distractor:e","brak w źródle"
"chs-09-075","trap|distractor:d","brak w źródle"
"chs-09-076","takeaway|distractor:d","brak w źródle"
"chs-09-077","trap|distractor:b","brak w źródle"
"chs-09-078","trap|distractor:a|distractor:c|distractor:d|distractor:e","distractor_unmatched: liniowe, przekraczające linię pośrodkową; distractor_unmatched: promieniste, przecinające pęczek naczyniowy; distractor_unmatched: liniowe w sklepieniu przedsionka"
"chs-09-079","distractor:b|distractor:c|distractor:d|distractor:e","distractor_unmatched: obecność grubej warstwy podśluzowej w przednim odcinku; distractor_unmatched: przebieg naczyń podniebiennych wzdłuż linii szwu"
"chs-09-080","trap|distractor:a|distractor:b","brak w źródle"
"chs-09-081","takeaway|distractor:a|distractor:b|distractor:d|distractor:e","distractor_unmatched: ropień podśluzówkowy poprzedza podokostnowy; distractor_unmatched: w ropniu podokostnowym stwierdza się wyraźne chełbotanie"
"chs-09-082","trap|distractor:b|distractor:e","brak w źródle"
"chs-09-083","trap|distractor:a|distractor:c|distractor:d|distractor:e","distractor_unmatched: około 12 godzin; distractor_unmatched: 10–12 dni"
"chs-09-084","distractor:b|distractor:c|distractor:d|distractor:e","distractor_unmatched: przestrzeni policzkowej; distractor_unmatched: przestrzeni skrzydłowo-podniebiennej"
"chs-09-085","trap|distractor:b|distractor:d","brak w źródle"
"chs-09-086","trap|distractor:b|distractor:c","brak w źródle"
"chs-09-087","takeaway|distractor:a|distractor:e","brak w źródle"
"chs-09-088","trap|distractor:b|distractor:c|distractor:d|distractor:e","distractor_unmatched: tuż przy jej brzegu, w linii przyczepu żwacza; distractor_unmatched: około 6 cm poniżej jej brzegu, nad kością gnykową"
"chs-09-089","trap|distractor:a|distractor:c|distractor:d|distractor:e","distractor_unmatched: przednia krawędź mięśnia żwacza; distractor_unmatched: poduszeczka tłuszczowa Bichata"
"chs-09-090","trap|distractor:a|distractor:b","brak w źródle"
"chs-09-091","trap|distractor:a|distractor:b|distractor:c|distractor:d","distractor_unmatched: okołomigdałkowemu; distractor_unmatched: przestrzeni podżuchwowej"
"chs-09-092","distractor:a|distractor:c|distractor:d|distractor:e","distractor_unmatched: zarośnięcie nozdrzy tylnych; distractor_unmatched: trwałe porażenie gałęzi brzeżnej nerwu twarzowego"
"chs-09-093","trap|distractor:b|distractor:e","brak w źródle"
"chs-09-094","trap|distractor:b|distractor:d","brak w źródle"
"chs-09-095","takeaway|distractor:c|distractor:e","brak w źródle"
"chs-09-096","trap|distractor:a|distractor:b|distractor:c|distractor:e","distractor_unmatched: dołu nadkłowego; distractor_unmatched: przestrzeni skrzydłowo-żuchwowej"
"chs-09-097","distractor:b|distractor:d","brak w źródle"
"chs-09-098","trap|distractor:c","brak w źródle"
"chs-09-099","distractor:b|distractor:e","brak w źródle"
"chs-09-100","distractor:c|distractor:d","brak w źródle"
"chs-09-101","distractor:a|distractor:e","brak w źródle"
"chs-09-102","distractor:a|distractor:e","brak w źródle"
"chs-09-103","distractor:c|distractor:e","brak w źródle"
"chs-09-104","distractor:c|distractor:d","brak w źródle"
"chs-09-105","distractor:a|distractor:d","brak w źródle"
"chs-09-106","distractor:b|distractor:e","brak w źródle"
"chs-09-107","trap|distractor:c","brak w źródle"
"chs-09-108","distractor:c|distractor:e","brak w źródle"
"chs-09-109","distractor:b|distractor:e","brak w źródle"
"chs-09-110","distractor:c|distractor:e","brak w źródle"
"chs-09-111","distractor:c|distractor:d","brak w źródle"
"chs-09-112","distractor:a|distractor:b","brak w źródle"
"chs-09-113","trap|distractor:c|distractor:e","brak w źródle"
"chs-09-114","distractor:d|distractor:e","brak w źródle"
"chs-09-115","trap|distractor:b|distractor:c","brak w źródle"
"chs-09-116","distractor:d|distractor:e","brak w źródle"
"chs-09-117","distractor:e","brak w źródle"
"chs-09-118","distractor:a|distractor:c|distractor:d|distractor:e","distractor_unmatched: gromadzenie się treści ropnej pod okostną; distractor_unmatched: szerzenie się treści ropnej kanałami Haversa oraz Volkmanna; distractor_unmatched: uwapnienie obrzeży żywej kości wokół martwaka"
"chs-09-119","trap|distractor:a|distractor:b","brak w źródle"
"chs-09-120","distractor:a|distractor:b","brak w źródle"
"chs-09-121","trap|distractor:b|distractor:d","brak w źródle"
"chs-09-122","distractor:b","brak w źródle"
"chs-09-123","distractor:b","brak w źródle"
"chs-09-124","trap|distractor:d","brak w źródle"
"chs-09-125","distractor:e","brak w źródle"
"chs-09-126","distractor:a|distractor:c","brak w źródle"
"chs-09-127","trap|distractor:e","brak w źródle"
"chs-09-128","distractor:b|distractor:d","brak w źródle"
"chs-09-129","distractor:e","brak w źródle"
"chs-09-130","trap|distractor:c","brak w źródle"
"chs-09-131","distractor:a|distractor:c","brak w źródle"
"chs-09-132","distractor:c","brak w źródle"
"chs-09-133","distractor:c","brak w źródle"
"chs-09-134","distractor:a|distractor:e","brak w źródle"
"chs-09-135","trap|distractor:e","brak w źródle"
"chs-09-136","trap|distractor:e","brak w źródle"
"chs-09-137","distractor:a|distractor:b|distractor:c|distractor:e","distractor_unmatched: scyntygrafia trójfazowa układu kostnego; distractor_unmatched: powtórzenie pantomogramu po dwóch tygodniach; distractor_unmatched: fistulografia po wprowadzeniu środka kontrastującego"
"chs-09-138","trap|distractor:a|distractor:c|distractor:d|distractor:e","distractor_unmatched: po upływie od 2 do 3 dni od rozpoczęcia choroby; distractor_unmatched: po upływie od 3 do 4 tygodni od rozpoczęcia choroby; distractor_unmatched: po upływie od 6 do 12 tygodni od rozpoczęcia choroby"
"chs-09-139","trap|distractor:a|distractor:b|distractor:d|distractor:e","distractor_unmatched: uwidaczniają się po upływie około dwóch dni; distractor_unmatched: oddzielają się warstwą osteosklerotyczną w ciągu kilku dni; distractor_unmatched: ulegają samoistnej resorpcji"
"chs-09-140","trap|distractor:c","brak w źródle"
"chs-09-141","takeaway|distractor:a|distractor:b|distractor:c|distractor:d","distractor_unmatched: ułatwienia penetracji leku przeciwbakteryjnego; distractor_unmatched: poprawy ukrwienia przez zapobieganie wykrzepianiu krwi; distractor_unmatched: zapobiegania powstawaniu martwicy tkanki kostnej"
"chs-09-142","trap|distractor:a|distractor:b|distractor:c|distractor:e","distractor_unmatched: niska czułość przy wysokiej swoistości; distractor_unmatched: swoistość wyższa niż rezonansu magnetycznego; distractor_unmatched: brak wyników fałszywie dodatnich"
"chs-09-143","trap|distractor:d","brak w źródle"
"chs-09-144","distractor:a|distractor:b|distractor:d|distractor:e","distractor_unmatched: antybiotykoterapia i postawa wyczekująca; distractor_unmatched: resekcja odcinkowa żuchwy z jednoczasową rekonstrukcją; distractor_unmatched: sauceryzacja ograniczona do przedsionkowej blaszki zbitej"
"chs-09-145","trap|distractor:b|distractor:c|distractor:d","distractor_unmatched: zespolenie odłamów minipłytkami pozostawionymi na stałe; distractor_unmatched: odstąpienie od wprowadzenia drenów"
"chs-09-146","trap|distractor:a","brak w źródle"
"chs-09-147","takeaway|distractor:d","brak w źródle"
"chs-09-148","trap|distractor:a|distractor:c|distractor:d|distractor:e","distractor_unmatched: utrzymywanie się stałego stężenia leku przez kilka tygodni; distractor_unmatched: pewna skuteczność wobec bakterii beztlenowych; distractor_unmatched: działanie hemostatyczne wynikające z samej gentamycyny"
"chs-09-149","trap|distractor:a|distractor:b|distractor:c|distractor:d","distractor_unmatched: tomografia jest czulsza w wykrywaniu obrzęku szpiku; distractor_unmatched: rezonans wymaga krótszego czasu badania; distractor_unmatched: środki kontrastujące do tomografii zawierają gadolin"
"chs-09-150","takeaway|distractor:c|distractor:d","distractor_unmatched: liczenie się z nawrotem opisywanym nawet po dziesięciu latach"
"chs-09-151","takeaway|distractor:a","brak w źródle"
"chs-09-152","trap|distractor:a|distractor:b|distractor:d|distractor:e","distractor_unmatched: sauceryzacja wymaga dostępu zewnątrzustnego; distractor_unmatched: sauceryzacja jest zabiegiem rozleglejszym"
"chs-09-153","trap|distractor:b","brak w źródle"
"chs-09-154","takeaway|distractor:c|distractor:d","distractor_unmatched: termin ten wyodrębnia obecnie osobny rodzaj zapalenia kości"
"chs-09-155","trap|distractor:e","brak w źródle"
"chs-09-156","distractor:b|distractor:c|distractor:d|distractor:e","distractor_unmatched: rozważenie leczenia chirurgicznego z wycięciem zmiany; distractor_unmatched: zakończenie antybiotykoterapii i przejście do samej fizykoterapii; distractor_unmatched: zamiana penicyliny na linkozamid"
"chs-09-157","trap|distractor:c","brak w źródle"
"chs-09-158","distractor:d","brak w źródle"
"chs-09-159","distractor:b","brak w źródle"
"chs-09-160","takeaway|trap|distractor:b|distractor:c|distractor:d|distractor:e","distractor_unmatched: doustna amoksycylina, a potem dożylna penicylina G; distractor_unmatched: dożylna penicylina G przez sześć miesięcy; distractor_unmatched: dożylna klindamycyna przez dwa tygodnie bez fazy doustnej"
"chs-09-161","trap|distractor:d","brak w źródle"
"chs-09-162","distractor:d","brak w źródle"
"chs-09-163","trap|distractor:a|distractor:b|distractor:d|distractor:e","distractor_unmatched: kwasooporność wynika z otoczki wielocukrowej; distractor_unmatched: beztlenowce wytwarzające przetrwalniki; distractor_unmatched: prątki atypowe jako odmiana prątka gruźlicy"
"chs-09-164","trap|distractor:a|distractor:b|distractor:c|distractor:e","distractor_unmatched: dziesięciokrotnie częściej w żuchwie, w okolicy wyrostka kłykciowego; distractor_unmatched: czterokrotnie częściej w szczęce niż w żuchwie; distractor_unmatched: z jednakową częstością w obu szczękach"
"chs-09-165","trap|distractor:b|distractor:c|distractor:d|distractor:e","distractor_unmatched: niedożywienie i wyniszczenie; distractor_unmatched: radioterapia okolicy głowy i szyi; distractor_unmatched: cukrzyca oraz choroby wątroby"
"chs-09-166","distractor:a|distractor:b|distractor:c|distractor:e","distractor_unmatched: dekortykacja usuwająca tkanki martwicze; distractor_unmatched: tlenoterapia hiperbaryczna z antybiotykoterapią; distractor_unmatched: wieloletnia kontrola ambulatoryjna"
"chs-09-167","distractor:a|distractor:c|distractor:d|distractor:e","distractor_unmatched: ropowica dna jamy ustnej; distractor_unmatched: ropień przestrzeni żwaczowej; distractor_unmatched: przerzut raka płaskonabłonkowego"
"chs-09-168","distractor:a|distractor:c|distractor:d|distractor:e","distractor_unmatched: nasila odczyn eozynofilowy i uwyraźnia druzy; distractor_unmatched: nie zmienia obrazu mikroskopowego; distractor_unmatched: naciek z komórek olbrzymich typu Langhansa"
"chs-09-169","trap|distractor:a|distractor:b|distractor:c|distractor:e","distractor_unmatched: brak dolegliwości właściwy postaci ropnej; distractor_unmatched: wypływ ziaren promieniczych spotykany w guzie promieniczym; distractor_unmatched: niewyraźne granice i nieruchomość właściwe postaci ropnej"
"chs-09-170","distractor:a|distractor:b|distractor:c|distractor:d","distractor_unmatched: doszczętne usunięcie zawiązków wraz z resekcją brzeżną wyrostka; distractor_unmatched: wymiana antybiotyku bez interwencji w obrębie zawiązków; distractor_unmatched: zamknięcie przetoki płatem śluzówkowo-okostnowym"
"chs-09-171","trap|distractor:a|distractor:b|distractor:c|distractor:d","distractor_unmatched: samo unieruchomienie międzyszczękowe; distractor_unmatched: wznowienie penicyliny i odroczenie o kolejny rok; distractor_unmatched: wióry kości gąbczastej bez osłony antybiotykowej"
"chs-09-172","distractor:a|distractor:d|distractor:e","distractor_unmatched: są typowym obrazem wygojenia i odpowiadają sklerotyzacji kości; distractor_unmatched: wskazują na zezłośliwienie ogniska zapalnego"
"chs-09-173","trap|distractor:b|distractor:c|distractor:d","distractor_unmatched: tkanka kostna jako pierwsza; distractor_unmatched: tkanka podskórna, następnie tkanka kostna"
"chs-09-174","trap|distractor:a","brak w źródle"
"chs-09-175","distractor:a|distractor:b|distractor:c|distractor:d","distractor_unmatched: komórka olbrzymia na obwodzie, limfocyty w części centralnej; distractor_unmatched: gęsta sieć naczyń włosowatych odżywiających komórki nabłonkowate; distractor_unmatched: komórki nabłonkowate wywodzą się z nabłonka błony śluzowej"
"chs-09-176","trap|distractor:a|distractor:c|distractor:d|distractor:e","distractor_unmatched: wyciąć cały węzeł i przesłać go w formalinie; distractor_unmatched: naciąć węzeł i pozostawić sączek; distractor_unmatched: poprzestać na trzykrotnym badaniu plwociny"
"chs-09-177","distractor:a|distractor:b|distractor:c|distractor:e","distractor_unmatched: skrócenie terapii do dwóch tygodni; distractor_unmatched: brak przenikania pojedynczego leku do tkanki kostnej; distractor_unmatched: rozkładanie leków przez lipidową ścianę komórkową"
"chs-09-178","distractor:a|distractor:c|distractor:d|distractor:e","distractor_unmatched: obwodowa, z owrzodzeniem i płytkim ubytkiem kości; distractor_unmatched: rozlana, z zakażeniem drogą krwionośną; distractor_unmatched: okołostawowa, w wyrostku kłykciowym"
"chs-09-179","trap|distractor:e","brak w źródle"
"chs-09-180","distractor:d","brak w źródle"
"chs-09-181","distractor:a|distractor:c|distractor:d|distractor:e","distractor_unmatched: szerokie nacięcie z sączkiem skraca gojenie; distractor_unmatched: nacięcie konieczne, bo leki nie docierają do ropnia; distractor_unmatched: sposób opróżnienia nie wpływa na bliznę"
"chs-09-182","trap|distractor:e","brak w źródle"
"chs-09-183","distractor:a|distractor:b|distractor:d|distractor:e","distractor_unmatched: odczyn węzłowy towarzyszący postaci wtórnej; distractor_unmatched: brak prątków w wykwitach; distractor_unmatched: powstawanie wykwitów w wyniku nadkażenia"
"chs-09-184","distractor:a|distractor:b|distractor:c|distractor:d","distractor_unmatched: popierwotna jako zakażenie poza płucami; distractor_unmatched: pierwotna jako reaktywacja ogniska po latach; distractor_unmatched: pierwotna szerząca się krwiopochodnie"
"chs-09-185","trap|distractor:b","brak w źródle"
"chs-09-186","trap|distractor:b|distractor:d|distractor:e","distractor_unmatched: odczyt po upływie 48–72 godzin; distractor_unmatched: ocena nacieku w miejscu wstrzyknięcia"
"chs-09-187","distractor:d","brak w źródle"
"chs-09-188","distractor:a|distractor:c|distractor:d|distractor:e","distractor_unmatched: dodatni wynik jako warunek konieczny; distractor_unmatched: przerwanie izolacji po pierwszym ujemnym rozmazie; distractor_unmatched: izolacja przez całe leczenie"
"chs-09-189","distractor:a|distractor:b|distractor:d|distractor:e","distractor_unmatched: trwa 2–3 miesiące z trzema albo czterema lekami; distractor_unmatched: poprzedza fazę intensywną; distractor_unmatched: podawanie jednego leku"
"chs-09-190","trap|distractor:d","brak w źródle"
"chs-09-191","distractor:e","brak w źródle"
"chs-09-192","distractor:a|distractor:c|distractor:d|distractor:e","distractor_unmatched: zastępuje leczenie przeciwprątkowe; distractor_unmatched: przeciwwskazane do czasu uzyskania pełnej wrażliwości prątków; distractor_unmatched: możliwe dopiero przy obniżonych parametrach oddechowych"
"chs-09-193","distractor:a","brak w źródle"
"chs-09-194","distractor:a|distractor:c|distractor:e","distractor_unmatched: ponowna inwazja krętków u chorego, który nie został wyleczony; distractor_unmatched: ponowne namnożenie krętków z pobudzeniem syntezy przeciwciał"
"chs-09-195","distractor:c","brak w źródle"
"chs-09-196","distractor:d","brak w źródle"
"chs-09-197","distractor:e","brak w źródle"
"chs-09-198","distractor:a|distractor:b|distractor:c|distractor:d","distractor_unmatched: przezłożyskowe zakażenie dopiero po 16. tygodniu ciąży; distractor_unmatched: samoistne wygojenie owrzodzenia pierwotnego; distractor_unmatched: niedojrzałość układu odpornościowego płodu"
"chs-09-199","distractor:d","brak w źródle"
"chs-09-200","distractor:d","brak w źródle"
"chs-09-201","distractor:d","brak w źródle"
"chs-09-202","distractor:e","brak w źródle"
"chs-09-203","distractor:c","brak w źródle"
"chs-09-204","distractor:b","brak w źródle"
"chs-09-205","distractor:b","brak w źródle"
"chs-09-206","distractor:e","brak w źródle"
"chs-09-207","distractor:b","brak w źródle"
"chs-09-208","distractor:b","brak w źródle"
"chs-09-209","distractor:b","brak w źródle"
"chs-09-210","distractor:d","brak w źródle"
"chs-10-001","trap|distractor:b","brak w źródle"
"chs-10-002","takeaway|distractor:c","brak w źródle"
"chs-10-003","trap|distractor:b","brak w źródle"
"chs-10-004","trap|distractor:c","brak w źródle"
"chs-10-005","takeaway|distractor:c","brak w źródle"
"chs-10-006","takeaway|distractor:c","brak w źródle"
"chs-10-007","trap|distractor:e","brak w źródle"
"chs-10-008","takeaway|distractor:d","brak w źródle"
"chs-10-009","trap|distractor:b","brak w źródle"
"chs-10-010","takeaway|distractor:e","brak w źródle"
"chs-10-011","trap|distractor:d","brak w źródle"
"chs-10-012","takeaway|distractor:e","brak w źródle"
"chs-10-013","trap|distractor:e","brak w źródle"
"chs-10-014","takeaway|distractor:e","brak w źródle"
"chs-10-015","trap|distractor:c","brak w źródle"
"chs-10-016","trap|distractor:d","brak w źródle"
"chs-10-017","takeaway|distractor:b|distractor:d","distractor_unmatched: torbiel resztkowa — rak śluzowo-naskórkowy; zębopochodna torbiel gruczołowa — rak pierwotny wewnątrzkostny"
"chs-10-018","trap|distractor:e","brak w źródle"
"chs-11-001","distractor:e","brak w źródle"
"chs-11-002","takeaway|trap|distractor:b","takeaway_too_long: 201 znaków"
"chs-11-003","trap|distractor:b","brak w źródle"
"chs-11-004","takeaway|distractor:c","brak w źródle"
"chs-11-005","trap|distractor:e","brak w źródle"
"chs-11-006","takeaway|distractor:d|distractor:e","distractor_unmatched: ścianę boczną, następnie przyśrodkową, a na końcu przednią i tylną"
"chs-11-007","trap|distractor:d","brak w źródle"
"chs-11-008","takeaway|distractor:a","brak w źródle"
"chs-11-009","trap|distractor:a","brak w źródle"
"chs-11-010","trap|distractor:d","brak w źródle"
"chs-11-011","takeaway|distractor:a","brak w źródle"
"chs-11-012","takeaway|distractor:e","brak w źródle"
"chs-11-013","trap|distractor:c","brak w źródle"
"chs-11-014","trap|distractor:c","brak w źródle"
"chs-11-015","takeaway|distractor:e","brak w źródle"
"chs-11-016","takeaway|distractor:b","brak w źródle"
"chs-11-017","trap|distractor:c","brak w źródle"
"chs-11-018","takeaway|distractor:b","brak w źródle"
"chs-11-019","trap|distractor:b","brak w źródle"
"chs-11-020","distractor:a|distractor:c","brak w źródle"
"chs-11-021","trap|distractor:b|distractor:d","brak w źródle"
"chs-11-022","trap|distractor:b|distractor:d","brak w źródle"
"chs-11-023","distractor:d|distractor:e","brak w źródle"
"chs-11-024","distractor:a|distractor:d","brak w źródle"
"chs-11-025","trap|distractor:a|distractor:c","brak w źródle"
"chs-11-026","trap|distractor:a|distractor:c","brak w źródle"
"chs-11-027","distractor:d|distractor:e","brak w źródle"
"chs-11-028","trap|distractor:e","brak w źródle"
"chs-11-029","trap|distractor:b|distractor:c","brak w źródle"
"chs-11-030","distractor:a|distractor:c","brak w źródle"
"chs-11-031","trap|distractor:c|distractor:e","brak w źródle"
"chs-11-032","trap|distractor:d|distractor:e","brak w źródle"
"chs-11-033","distractor:b|distractor:e","brak w źródle"
"chs-12-001","distractor:c","brak w źródle"
"chs-12-002","trap|distractor:e","brak w źródle"
"chs-12-003","distractor:e","brak w źródle"
"chs-12-004","distractor:d","brak w źródle"
"chs-12-005","trap|distractor:c","brak w źródle"
"chs-12-006","trap|distractor:a|distractor:e","brak w źródle"
"chs-12-007","distractor:b|distractor:e","brak w źródle"
"chs-12-008","distractor:e","brak w źródle"
"chs-12-009","trap|distractor:b","brak w źródle"
"chs-12-010","trap|distractor:d","brak w źródle"
"chs-12-011","distractor:d","brak w źródle"
"chs-12-012","trap|distractor:c|distractor:d","brak w źródle"
"chs-12-013","distractor:b","brak w źródle"
"chs-12-014","distractor:d","brak w źródle"
"chs-12-015","trap|distractor:b|distractor:e","brak w źródle"
"chs-12-016","distractor:b|distractor:e","brak w źródle"
"chs-12-017","trap|distractor:c|distractor:d","brak w źródle"
"chs-12-018","distractor:c|distractor:d","brak w źródle"
"chs-12-019","distractor:a","brak w źródle"
"chs-12-020","distractor:b","brak w źródle"
"chs-12-021","trap|distractor:d","brak w źródle"
"chs-12-022","takeaway|distractor:b","brak w źródle"
"chs-12-023","trap|distractor:a|distractor:b","brak w źródle"
"chs-12-024","trap|distractor:e","brak w źródle"
"chs-12-025","takeaway|distractor:c","brak w źródle"
"chs-12-026","trap|distractor:c","brak w źródle"
"chs-12-027","takeaway|distractor:c","brak w źródle"
"chs-12-028","trap|distractor:b","brak w źródle"
"chs-12-029","trap|distractor:c","brak w źródle"
"chs-12-030","takeaway|distractor:d","brak w źródle"
"chs-12-031","trap|distractor:c","brak w źródle"
"chs-12-032","trap|distractor:d","brak w źródle"
"chs-12-033","takeaway|distractor:c","brak w źródle"
"chs-12-034","trap|distractor:d","brak w źródle"
"chs-12-035","takeaway|distractor:d","brak w źródle"
"chs-12-036","trap|distractor:c","brak w źródle"
"chs-12-037","trap|distractor:b","brak w źródle"
"chs-12-038","takeaway|distractor:e","brak w źródle"
"chs-12-039","trap|distractor:e","brak w źródle"
"chs-12-040","trap|distractor:c","brak w źródle"
"chs-12-041","distractor:d|distractor:e","brak w źródle"
"chs-12-042","trap|distractor:c|distractor:e","brak w źródle"
"chs-12-043","distractor:c|distractor:e","brak w źródle"
"chs-12-044","trap|distractor:a|distractor:e","brak w źródle"
"chs-12-045","distractor:b|distractor:e","brak w źródle"
"chs-12-046","trap|distractor:d","brak w źródle"
"chs-12-047","trap|distractor:d","brak w źródle"
"chs-12-048","trap|distractor:e","brak w źródle"
"chs-12-049","distractor:b|distractor:c","brak w źródle"
"chs-12-050","distractor:c|distractor:e","brak w źródle"
"chs-12-051","distractor:a|distractor:c","brak w źródle"
"chs-12-052","trap|distractor:d","brak w źródle"
"chs-12-053","distractor:a|distractor:c","brak w źródle"
"chs-12-054","trap|distractor:b|distractor:e","brak w źródle"
"chs-12-055","trap|distractor:a|distractor:d","brak w źródle"
"chs-12-056","distractor:d|distractor:e","brak w źródle"
"chs-12-057","distractor:b|distractor:d","brak w źródle"
"chs-12-058","distractor:a|distractor:e","brak w źródle"
"chs-12-059","trap|distractor:d","brak w źródle"
"chs-12-060","takeaway|distractor:b","brak w źródle"
"chs-12-061","trap|distractor:c","brak w źródle"
"chs-12-062","trap|distractor:e","brak w źródle"
"chs-12-063","takeaway|distractor:b","brak w źródle"
"chs-12-064","trap|distractor:b","brak w źródle"
"chs-12-065","takeaway|distractor:e","brak w źródle"
"chs-12-066","trap|distractor:a","brak w źródle"
"chs-12-067","trap|distractor:e","brak w źródle"
"chs-12-068","takeaway|distractor:b","brak w źródle"
"chs-12-069","takeaway|distractor:c","brak w źródle"
"chs-12-070","trap|distractor:a","brak w źródle"
"chs-12-071","trap|distractor:b","brak w źródle"
"chs-12-072","takeaway|distractor:e","brak w źródle"
"chs-12-073","trap|distractor:c","brak w źródle"
"chs-12-074","takeaway|distractor:b","brak w źródle"
"chs-12-075","takeaway|distractor:e","brak w źródle"
"chs-12-076","trap|distractor:d","brak w źródle"
"chs-12-077","trap|distractor:e","brak w źródle"
"chs-12-078","takeaway|distractor:d","brak w źródle"
"chs-12-079","takeaway|distractor:e","brak w źródle"
"chs-12-080","trap|distractor:a|distractor:d","brak w źródle"
"chs-12-081","trap|distractor:b","brak w źródle"
"chs-12-082","takeaway|distractor:c|distractor:d","brak w źródle"
"chs-12-083","trap|distractor:a|distractor:e","brak w źródle"
"chs-12-084","takeaway|distractor:e","brak w źródle"
"chs-12-085","trap|distractor:a|distractor:c","brak w źródle"
"chs-12-086","takeaway|distractor:c|distractor:e","brak w źródle"
"chs-12-087","trap|distractor:c|distractor:e","brak w źródle"
"chs-12-088","trap|distractor:a|distractor:c","brak w źródle"
"chs-12-089","takeaway|distractor:b","brak w źródle"
"chs-12-090","trap|distractor:b","brak w źródle"
"chs-12-091","trap|distractor:b|distractor:e","brak w źródle"
"chs-12-092","takeaway|distractor:d|distractor:e","brak w źródle"
"chs-12-093","trap|distractor:d","brak w źródle"
"chs-12-094","trap|distractor:a|distractor:c","brak w źródle"
"chs-12-095","takeaway|distractor:a|distractor:d","brak w źródle"
"chs-12-096","takeaway|trap|distractor:a|distractor:d","takeaway_too_long: 201 znaków"
"chs-12-097","trap|distractor:a","brak w źródle"
"chs-12-098","trap|distractor:e","brak w źródle"
"chs-12-099","distractor:c","brak w źródle"
"chs-12-100","trap|distractor:b|distractor:e","brak w źródle"
"chs-12-101","distractor:b|distractor:d","brak w źródle"
"chs-12-102","trap|distractor:b","brak w źródle"
"chs-12-103","trap|distractor:d","brak w źródle"
"chs-12-104","trap|distractor:d|distractor:e","brak w źródle"
"chs-12-105","distractor:e","brak w źródle"
"chs-12-106","trap|distractor:b|distractor:e","brak w źródle"
"chs-12-107","distractor:a|distractor:d","brak w źródle"
"chs-12-108","trap|distractor:c|distractor:e","brak w źródle"
"chs-12-109","trap|distractor:b","brak w źródle"
"chs-12-110","trap|distractor:b|distractor:c","brak w źródle"
"chs-12-111","trap|distractor:d","brak w źródle"
"chs-12-112","trap|distractor:c|distractor:d","brak w źródle"
"chs-12-113","distractor:a|distractor:c","brak w źródle"
"chs-12-114","distractor:b","brak w źródle"
"chs-12-115","trap|distractor:d","brak w źródle"
"chs-12-116","trap|distractor:e","brak w źródle"
"chs-12-117","trap|distractor:e","brak w źródle"
"chs-12-118","trap|distractor:e","brak w źródle"
"chs-12-119","takeaway|distractor:e","brak w źródle"
"chs-12-120","trap|distractor:b","brak w źródle"
"chs-12-121","takeaway|distractor:e","brak w źródle"
"chs-12-122","trap|distractor:e","brak w źródle"
"chs-12-123","takeaway|distractor:e","brak w źródle"
"chs-12-124","trap|distractor:c","brak w źródle"
"chs-12-125","takeaway|distractor:d","brak w źródle"
"chs-12-126","trap|distractor:a","brak w źródle"
"chs-12-127","takeaway|distractor:d","brak w źródle"
"chs-12-128","trap|distractor:b","brak w źródle"
"chs-12-129","takeaway|distractor:e","brak w źródle"
"chs-12-130","trap|distractor:d","brak w źródle"
"chs-12-131","takeaway|distractor:a","brak w źródle"
"chs-12-132","trap|distractor:c","brak w źródle"
"chs-12-133","trap|distractor:e","brak w źródle"
"chs-12-134","trap|distractor:c","brak w źródle"
"chs-12-135","takeaway|distractor:e","brak w źródle"
"chs-12-136","takeaway|distractor:b","brak w źródle"
"chs-12-137","trap|distractor:e","brak w źródle"
"chs-12-138","trap|distractor:b|distractor:c","brak w źródle"
"chs-12-139","trap|distractor:e","brak w źródle"
"chs-12-140","distractor:b|distractor:e","brak w źródle"
"chs-12-141","trap|distractor:a|distractor:e","brak w źródle"
"chs-12-142","distractor:b","brak w źródle"
"chs-12-143","trap|distractor:a|distractor:c","brak w źródle"
"chs-12-144","trap|distractor:b","brak w źródle"
"chs-12-145","distractor:e","brak w źródle"
"chs-12-146","trap|distractor:e","brak w źródle"
"chs-12-147","distractor:c|distractor:e","brak w źródle"
"chs-12-148","trap|distractor:c","brak w źródle"
"chs-12-149","distractor:b|distractor:d","brak w źródle"
"chs-12-150","trap|distractor:a|distractor:d","brak w źródle"
"chs-12-151","distractor:e","brak w źródle"
"chs-12-152","trap|distractor:e","brak w źródle"
"chs-12-153","trap|distractor:b|distractor:c","brak w źródle"
"chs-12-154","trap|distractor:c|distractor:e","brak w źródle"
"chs-13-001","trap|distractor:c","brak w źródle"
"chs-13-002","distractor:c","brak w źródle"
"chs-13-003","trap|distractor:d","brak w źródle"
"chs-13-004","takeaway|distractor:b","brak w źródle"
"chs-13-005","trap|distractor:c","brak w źródle"
"chs-13-006","takeaway|distractor:b","brak w źródle"
"chs-13-007","trap|distractor:c","brak w źródle"
"chs-13-008","takeaway|distractor:e","brak w źródle"
"chs-13-009","takeaway|distractor:c","brak w źródle"
"chs-13-010","trap|distractor:e","brak w źródle"
"chs-13-011","trap|distractor:d","brak w źródle"
"chs-13-012","takeaway|distractor:e","brak w źródle"
"chs-13-013","trap|distractor:d","brak w źródle"
"chs-13-014","takeaway|distractor:d","brak w źródle"
"chs-13-015","trap|distractor:e","brak w źródle"
"chs-13-016","takeaway|distractor:c","brak w źródle"
"chs-13-017","takeaway|distractor:c","brak w źródle"
"chs-13-018","trap|distractor:d","brak w źródle"
"chs-13-019","trap|distractor:d","brak w źródle"
"chs-13-020","trap|distractor:b","brak w źródle"
"chs-13-021","trap|distractor:e","brak w źródle"
"chs-13-022","takeaway|distractor:c","brak w źródle"
"chs-13-023","trap|distractor:b","brak w źródle"
"chs-13-024","trap|distractor:d","brak w źródle"
"chs-13-025","trap|distractor:b|distractor:e","brak w źródle"
"chs-13-026","takeaway|distractor:b|distractor:d","brak w źródle"
"chs-13-027","takeaway|distractor:d|distractor:e","brak w źródle"
"chs-13-028","trap|distractor:b|distractor:e","brak w źródle"
"chs-13-029","trap|distractor:c","brak w źródle"
"chs-13-030","takeaway|distractor:d","brak w źródle"
"chs-13-031","takeaway|distractor:d","brak w źródle"
"chs-13-032","trap|distractor:b","brak w źródle"
"chs-13-033","takeaway|distractor:c","brak w źródle"
"chs-13-034","trap|distractor:c","brak w źródle"
"chs-13-035","takeaway|distractor:c","brak w źródle"
"chs-13-036","trap|distractor:b|distractor:d","brak w źródle"
"chs-13-037","trap|distractor:e","brak w źródle"
"chs-13-038","takeaway|distractor:c|distractor:d","brak w źródle"
"chs-13-039","trap|distractor:b","brak w źródle"
"chs-13-040","trap|distractor:a","brak w źródle"
"chs-13-041","takeaway|distractor:e","brak w źródle"
"chs-13-042","trap|distractor:a","brak w źródle"
"chs-13-043","takeaway|distractor:c","brak w źródle"
"chs-13-044","trap|distractor:a","brak w źródle"
"chs-13-045","takeaway|distractor:d","brak w źródle"
"chs-13-046","trap|distractor:d","brak w źródle"
"chs-13-047","takeaway|distractor:e","brak w źródle"
"chs-13-048","trap|distractor:b","brak w źródle"
"chs-13-049","takeaway|distractor:b","brak w źródle"
"chs-13-050","trap|distractor:a","brak w źródle"
"chs-13-051","takeaway|distractor:e","brak w źródle"
"chs-13-052","trap|distractor:b","brak w źródle"
"chs-13-053","takeaway|distractor:d","brak w źródle"
"chs-13-054","trap|distractor:e","brak w źródle"
"chs-13-055","takeaway|distractor:d","brak w źródle"
"chs-13-056","trap|distractor:d","brak w źródle"
"chs-13-057","takeaway|distractor:d","brak w źródle"
"chs-13-058","trap|distractor:b","brak w źródle"
"chs-13-059","takeaway|distractor:e","brak w źródle"
"chs-13-060","trap|distractor:c","brak w źródle"
"chs-13-061","trap|distractor:e","brak w źródle"
"chs-13-062","trap|distractor:d","brak w źródle"
"chs-13-063","takeaway|distractor:a","brak w źródle"
"chs-13-064","trap|distractor:e","brak w źródle"
"chs-13-065","trap|distractor:c","brak w źródle"
"chs-13-066","trap|distractor:b","brak w źródle"
"chs-13-067","trap|distractor:b","brak w źródle"
"chs-13-068","takeaway|distractor:e","brak w źródle"
"chs-13-069","trap|distractor:c","brak w źródle"
"chs-13-070","trap|distractor:e","brak w źródle"
"chs-13-071","takeaway|distractor:a","brak w źródle"
"chs-13-072","trap|distractor:e","brak w źródle"
"chs-13-073","trap|distractor:d","brak w źródle"
"chs-13-074","trap|distractor:d","brak w źródle"
"chs-13-075","takeaway|distractor:c","brak w źródle"
"chs-13-076","trap|distractor:e","brak w źródle"
"chs-13-077","trap|distractor:d","brak w źródle"
"chs-13-078","takeaway|distractor:d","brak w źródle"
"chs-13-079","trap|distractor:e","brak w źródle"
"chs-13-080","takeaway|distractor:e","brak w źródle"
"chs-13-081","trap|distractor:d","brak w źródle"
"chs-13-082","takeaway|distractor:c|distractor:e","brak w źródle"
"chs-13-083","trap|distractor:b","brak w źródle"
"chs-13-084","takeaway|distractor:b|distractor:c","brak w źródle"
"chs-13-085","trap|distractor:b|distractor:c","brak w źródle"
"chs-13-086","trap|distractor:d|distractor:e","brak w źródle"
"chs-13-087","takeaway|distractor:c","brak w źródle"
"chs-13-088","trap|distractor:d","brak w źródle"
"chs-13-089","takeaway|distractor:b|distractor:e","brak w źródle"
"chs-13-090","trap|distractor:b","brak w źródle"
"chs-13-091","trap|distractor:c|distractor:e","brak w źródle"
"chs-13-092","takeaway|distractor:d|distractor:e","brak w źródle"
"chs-13-093","trap|distractor:b|distractor:e","brak w źródle"
"chs-13-094","takeaway|distractor:a","brak w źródle"
"chs-13-095","trap|distractor:b","brak w źródle"
"chs-13-096","trap|distractor:c|distractor:d","brak w źródle"
"chs-13-097","takeaway|distractor:c|distractor:d","brak w źródle"
"chs-13-098","trap|distractor:c|distractor:e","brak w źródle"
"chs-13-099","trap|distractor:d","brak w źródle"
"chs-13-100","distractor:b|distractor:e","brak w źródle"
"chs-13-101","trap|distractor:b|distractor:d","brak w źródle"
"chs-13-102","trap|distractor:b","brak w źródle"
"chs-13-103","trap|distractor:d","brak w źródle"
"chs-13-104","takeaway|distractor:b","brak w źródle"
"chs-13-105","trap|distractor:c|distractor:e","brak w źródle"
"chs-13-106","trap|distractor:a|distractor:c","brak w źródle"
"chs-13-107","trap|distractor:d|distractor:e","brak w źródle"
"chs-13-108","trap|distractor:c|distractor:e","brak w źródle"
"chs-13-109","trap|distractor:c|distractor:e","brak w źródle"
"chs-13-110","trap|distractor:c|distractor:d","brak w źródle"
"chs-13-111","takeaway|distractor:b","brak w źródle"
"chs-13-112","trap|distractor:c|distractor:e","brak w źródle"
"chs-13-113","takeaway|distractor:e","brak w źródle"
"chs-13-114","trap|distractor:a","brak w źródle"
"chs-13-115","trap|distractor:a","brak w źródle"
"chs-13-116","takeaway|distractor:e","brak w źródle"
"chs-13-117","trap|distractor:a","brak w źródle"
"chs-13-118","trap|distractor:c","brak w źródle"
"chs-13-119","takeaway|distractor:b|distractor:d","brak w źródle"
"chs-13-120","trap|distractor:c","brak w źródle"
"chs-13-121","trap|distractor:a","brak w źródle"
"chs-13-122","trap|distractor:a","brak w źródle"
"chs-13-123","trap|distractor:e","brak w źródle"
"chs-13-124","takeaway|distractor:e","brak w źródle"
"chs-13-125","takeaway|distractor:e","brak w źródle"
"chs-13-126","trap|distractor:c|distractor:d","brak w źródle"
"chs-13-127","trap|distractor:a","brak w źródle"
"chs-13-128","trap|distractor:e","brak w źródle"
"chs-13-129","trap|distractor:c","brak w źródle"
"chs-13-130","trap|distractor:b","brak w źródle"
"chs-13-131","trap|distractor:d","brak w źródle"
"chs-13-132","trap|distractor:e","brak w źródle"
"chs-13-133","distractor:a","brak w źródle"
"chs-13-134","distractor:c","brak w źródle"
"chs-13-135","trap|distractor:d","brak w źródle"
"chs-13-136","trap|distractor:a","brak w źródle"
"chs-13-137","takeaway|distractor:b","brak w źródle"
"chs-13-138","trap|distractor:d","brak w źródle"
"chs-13-139","trap|distractor:b","brak w źródle"
"chs-13-140","trap|distractor:c","brak w źródle"
"chs-13-141","takeaway|distractor:b","brak w źródle"
"chs-13-142","trap|distractor:b","brak w źródle"
"chs-13-143","trap|distractor:e","brak w źródle"
"chs-13-144","trap|distractor:d","brak w źródle"
"chs-13-145","takeaway|distractor:e","brak w źródle"
"chs-13-146","trap|distractor:e","brak w źródle"
"chs-13-147","trap|distractor:a","brak w źródle"
"chs-13-148","trap|distractor:e","brak w źródle"
"chs-13-149","takeaway|distractor:d","brak w źródle"
"chs-13-150","trap|distractor:e","brak w źródle"
"chs-13-151","trap|distractor:a|distractor:b|distractor:d|distractor:e","distractor_unmatched: najgęstsze w organizmie zakończenia bólowe w nabłonku rogówki; distractor_unmatched: błona Bowmana jako bariera zatrzymująca błahe urazy; distractor_unmatched: ciała obce metaliczne wymagające usunięcia"
"chs-13-152","trap|distractor:b","brak w źródle"
"chs-13-153","takeaway|distractor:a|distractor:b|distractor:d|distractor:e","distractor_unmatched: podanie błękitu metylenowego; distractor_unmatched: wykonanie sialografii; distractor_unmatched: oznaczenie amylazy ślinowej"
"chs-13-154","trap|distractor:c","brak w źródle"
"chs-13-155","takeaway|distractor:a|distractor:b|distractor:c|distractor:e","distractor_unmatched: nerw uszny wielki; distractor_unmatched: nerw pośredni; distractor_unmatched: nerw skalisty większy"
"chs-13-156","trap|distractor:d","brak w źródle"
"chs-13-157","takeaway|distractor:b|distractor:c|distractor:d|distractor:e","distractor_unmatched: ponowne usunięcie obwódki z rdzy po 24 lub 48 godzinach; distractor_unmatched: gojenie abrazji najdłużej w ciągu 48 godzin; distractor_unmatched: krople z antybiotykiem cztery lub pięć razy dziennie"
"chs-13-158","trap|distractor:a|distractor:b|distractor:c|distractor:d","distractor_unmatched: przerwanie odcinka na żwaczu wymagające podwiązania kikuta; distractor_unmatched: podwiązanie prowadzące do przerostu miąższu; distractor_unmatched: odtworzenie ubytku przewodu przeszczepem nerwu łydkowego"
"chs-13-159","takeaway|distractor:b|distractor:c|distractor:d|distractor:e","distractor_unmatched: usunięcie ciała obcego przed transportem; distractor_unmatched: wkroplenie środka znieczulającego do worka spojówkowego; distractor_unmatched: poruszenie ciałem obcym w celu oceny głębokości rany"
"chs-13-160","trap|distractor:d","brak w źródle"
"chs-13-161","takeaway|distractor:a|distractor:d|distractor:e","distractor_unmatched: chirurgiczne odbarczenie oczodołu z usunięciem krwiaka; distractor_unmatched: wkroplenie midriatyku i pozycja półleżąca"
"chs-13-162","trap|distractor:b|distractor:c|distractor:d|distractor:e","distractor_unmatched: skórna przetoka ślinowa; distractor_unmatched: ropień przestrzeni przyuszniczo-żwaczowej; distractor_unmatched: krwiak organizujący się w bliznę"
"chs-13-163","takeaway|distractor:a","brak w źródle"
"chs-13-164","trap|distractor:a|distractor:b|distractor:c|distractor:d","distractor_unmatched: pilny zabieg odbarczający w początkowym okresie; distractor_unmatched: midriatyki przyspieszające akomodację; distractor_unmatched: acetazolamid w kroplach, a mannitol doustnie"
"chs-13-165","trap|distractor:b","brak w źródle"
"chs-13-166","trap|distractor:a|distractor:b|distractor:c|distractor:e","distractor_unmatched: błona Bowmana jako błona podstawna śródbłonka; distractor_unmatched: odzyskiwanie przezierności przez warstwę właściwą po bliznowaceniu; distractor_unmatched: komórki macierzyste nabłonka w blaszce sitowej"
"chs-13-167","takeaway|distractor:a|distractor:b","distractor_unmatched: utrata komórek macierzystych w palisadach Vogta"
"chs-13-168","trap|distractor:e","brak w źródle"
"chs-13-169","takeaway|distractor:a|distractor:b|distractor:d|distractor:e","distractor_unmatched: największa grubość twardówki w rąbku rogówki; distractor_unmatched: stłuczenie w mechanizmie contra coup dotyczące obwodu siatkówki; distractor_unmatched: podwichnięta soczewka poprawiająca ostrość widzenia"
"chs-13-170","trap|distractor:d","brak w źródle"
"chs-13-171","trap|distractor:d","brak w źródle"
"chs-13-172","distractor:b","brak w źródle"
"chs-13-173","trap|distractor:c","brak w źródle"
"chs-13-174","trap|distractor:a","brak w źródle"
"chs-13-175","takeaway|distractor:c","brak w źródle"
"chs-13-176","trap|distractor:c","brak w źródle"
"chs-13-177","trap|distractor:c","brak w źródle"
"chs-13-178","takeaway|distractor:a","brak w źródle"
"chs-13-179","trap|distractor:d","brak w źródle"
"chs-13-180","distractor:e","brak w źródle"
"chs-13-181","trap|distractor:c","brak w źródle"
"chs-13-182","takeaway|distractor:e","brak w źródle"
"chs-13-183","trap|distractor:c","brak w źródle"
"chs-13-184","trap|distractor:a","brak w źródle"
"chs-13-185","distractor:a","brak w źródle"
"chs-13-186","trap|distractor:e","brak w źródle"
"chs-13-187","trap|distractor:c","brak w źródle"
"chs-13-188","trap|distractor:c","brak w źródle"
"chs-13-189","distractor:e","brak w źródle"
"chs-13-190","trap|distractor:d","brak w źródle"
"chs-13-191","distractor:d","brak w źródle"
"chs-13-192","distractor:d","brak w źródle"
"chs-13-193","trap|distractor:d","brak w źródle"
"chs-13-194","distractor:c","brak w źródle"
"chs-13-195","trap|distractor:e","brak w źródle"
"chs-13-196","distractor:d","brak w źródle"
"chs-13-197","trap|distractor:e","brak w źródle"
"chs-13-198","trap|distractor:d","brak w źródle"
"chs-13-199","distractor:e","brak w źródle"
"chs-13-200","trap|distractor:b","brak w źródle"
"chs-13-201","trap|distractor:d","brak w źródle"
"chs-13-202","distractor:e","brak w źródle"
"chs-13-203","distractor:d","brak w źródle"
"chs-13-204","distractor:d","brak w źródle"
"chs-13-205","trap|distractor:e","brak w źródle"
"chs-14-001","trap|distractor:a","brak w źródle"
"chs-14-002","trap|distractor:c","brak w źródle"
"chs-14-003","takeaway|distractor:e","brak w źródle"
"chs-14-004","trap|distractor:e","brak w źródle"
"chs-14-005","trap|distractor:e","brak w źródle"
"chs-14-006","trap|distractor:d","brak w źródle"
"chs-14-007","takeaway|distractor:a","brak w źródle"
"chs-14-008","trap|distractor:c","brak w źródle"
"chs-14-009","trap|distractor:b","brak w źródle"
"chs-14-010","takeaway|distractor:e","brak w źródle"
"chs-14-011","trap|distractor:e","brak w źródle"
"chs-14-012","trap|distractor:e","brak w źródle"
"chs-14-013","trap|distractor:b","brak w źródle"
"chs-14-014","takeaway|distractor:b","brak w źródle"
"chs-14-015","trap|distractor:a","brak w źródle"
"chs-14-016","takeaway|distractor:a","brak w źródle"
"chs-14-017","takeaway|distractor:e","brak w źródle"
"chs-14-018","trap|distractor:e","brak w źródle"
"chs-14-019","trap|distractor:a","brak w źródle"
"chs-14-020","takeaway|distractor:b","brak w źródle"
"chs-14-021","trap|distractor:a|distractor:e","brak w źródle"
"chs-14-022","takeaway|distractor:c|distractor:d","brak w źródle"
"chs-14-023","trap|distractor:a|distractor:d","brak w źródle"
"chs-14-024","takeaway|distractor:b|distractor:d","brak w źródle"
"chs-14-025","trap|distractor:a|distractor:d","brak w źródle"
"chs-14-026","trap|distractor:e","brak w źródle"
"chs-14-027","takeaway|distractor:d|distractor:e","brak w źródle"
"chs-14-028","trap|distractor:d|distractor:e","brak w źródle"
"chs-14-029","trap|distractor:b|distractor:c","brak w źródle"
"chs-14-030","trap|distractor:b|distractor:e","brak w źródle"
"chs-14-031","takeaway|distractor:d|distractor:e","brak w źródle"
"chs-14-032","trap|distractor:a|distractor:c","brak w źródle"
"chs-14-033","takeaway|distractor:d|distractor:e","brak w źródle"
"chs-14-034","trap|distractor:d|distractor:e","brak w źródle"
"chs-14-035","trap|distractor:a|distractor:b","brak w źródle"
"chs-14-036","trap|distractor:b|distractor:c","brak w źródle"
"chs-14-037","takeaway|distractor:c|distractor:d","brak w źródle"
"chs-14-038","trap|distractor:d|distractor:e","brak w źródle"
"chs-14-039","trap|distractor:a|distractor:e","brak w źródle"
"chs-14-040","trap|distractor:a|distractor:b","brak w źródle"
"chs-14-041","takeaway|distractor:c|distractor:d","brak w źródle"
"chs-14-042","trap|distractor:a|distractor:b","brak w źródle"
"chs-14-043","takeaway|distractor:b|distractor:e","brak w źródle"
"chs-14-044","trap|distractor:a|distractor:e","brak w źródle"
"chs-14-045","takeaway|distractor:c|distractor:d","brak w źródle"
"chs-14-046","trap|distractor:a|distractor:e","brak w źródle"
"chs-14-047","takeaway|distractor:a|distractor:d","brak w źródle"
"chs-14-048","trap|distractor:a|distractor:e","brak w źródle"
"chs-14-049","takeaway|distractor:a|distractor:b","brak w źródle"
"chs-14-050","trap|distractor:b|distractor:d","brak w źródle"
"chs-14-051","takeaway|distractor:c|distractor:e","brak w źródle"
"chs-14-052","trap|distractor:c|distractor:d","brak w źródle"
"chs-14-053","takeaway|distractor:b|distractor:c","brak w źródle"
"chs-14-054","trap|distractor:d|distractor:e","brak w źródle"
"chs-14-055","takeaway|distractor:c|distractor:e","brak w źródle"
"chs-14-056","takeaway|distractor:a|distractor:c","brak w źródle"
"chs-14-057","trap|distractor:a|distractor:d","brak w źródle"
"chs-14-058","trap|distractor:e","brak w źródle"
"chs-14-059","trap|distractor:e","brak w źródle"
"chs-14-060","distractor:a","brak w źródle"
"chs-14-061","trap|distractor:e","brak w źródle"
"chs-14-062","trap|distractor:d","brak w źródle"
"chs-14-063","trap|distractor:e","brak w źródle"
"chs-14-064","trap|distractor:b","brak w źródle"
"chs-14-065","trap|distractor:b","brak w źródle"
"chs-14-066","distractor:d","brak w źródle"
"chs-14-067","trap|distractor:e","brak w źródle"
"chs-14-068","trap|distractor:d","brak w źródle"
"chs-14-069","trap|distractor:a","brak w źródle"
"chs-14-070","trap|distractor:a","brak w źródle"
"chs-14-071","trap|distractor:c","brak w źródle"
"chs-14-072","distractor:c","brak w źródle"
"chs-14-073","trap|distractor:e","brak w źródle"
"chs-14-074","trap|distractor:e","brak w źródle"
"chs-14-075","trap|distractor:d","brak w źródle"
"chs-14-076","distractor:d","brak w źródle"
"chs-14-077","trap|distractor:a|distractor:c|distractor:d|distractor:e","distractor_unmatched: repozycja zęba kleszczami przed znieczuleniem miejscowym; distractor_unmatched: repozycja kości zębodołu przed odprowadzeniem zęba; distractor_unmatched: oczyszczenie okolicy urazu przed repozycją zęba"
"chs-14-078","trap|distractor:b|distractor:d","brak w źródle"
"chs-14-079","trap|distractor:c","brak w źródle"
"chs-14-080","takeaway|distractor:c|distractor:d","brak w źródle"
"chs-14-081","takeaway|distractor:b","brak w źródle"
"chs-14-082","trap|distractor:a|distractor:d","brak w źródle"
"chs-14-083","trap|distractor:b|distractor:e","brak w źródle"
"chs-14-084","trap|distractor:c|distractor:d","brak w źródle"
"chs-14-085","takeaway|distractor:b","brak w źródle"
"chs-14-086","trap|distractor:d","brak w źródle"
"chs-14-087","takeaway|distractor:b|distractor:d","brak w źródle"
"chs-14-088","trap|distractor:c","brak w źródle"
"chs-14-089","takeaway|distractor:a|distractor:e","brak w źródle"
"chs-14-090","takeaway|distractor:e","brak w źródle"
"chs-14-091","trap|distractor:c|distractor:e","brak w źródle"
"chs-14-092","takeaway|distractor:a|distractor:e","brak w źródle"
"chs-14-093","trap|distractor:a|distractor:b","brak w źródle"
"chs-14-094","trap|distractor:d|distractor:e","brak w źródle"
"chs-14-095","trap|distractor:d","brak w źródle"
"chs-14-096","takeaway|distractor:d","brak w źródle"
"chs-14-097","trap|distractor:e","brak w źródle"
"chs-14-098","takeaway|distractor:e","brak w źródle"
"chs-14-099","trap|distractor:b","brak w źródle"
"chs-14-100","takeaway|distractor:d","brak w źródle"
"chs-14-101","trap|distractor:a|distractor:d","brak w źródle"
"chs-14-102","trap|distractor:c","brak w źródle"
"chs-14-103","takeaway|distractor:c","brak w źródle"
"chs-14-104","trap|distractor:a","brak w źródle"
"chs-14-105","trap|distractor:d","brak w źródle"
"chs-14-106","trap|distractor:a|distractor:d","brak w źródle"
"chs-14-107","trap|distractor:e","brak w źródle"
"chs-14-108","trap|distractor:b|distractor:d","brak w źródle"
"chs-14-109","takeaway|distractor:e","brak w źródle"
"chs-14-110","trap|distractor:b","brak w źródle"
"chs-14-111","trap|distractor:e","brak w źródle"
"chs-14-112","takeaway|distractor:b","brak w źródle"
"chs-14-113","trap|distractor:c","brak w źródle"
"chs-14-114","trap|distractor:a|distractor:e","brak w źródle"
"chs-14-115","trap|distractor:e","brak w źródle"
"chs-14-116","trap|distractor:c","brak w źródle"
"chs-14-117","trap|distractor:b","brak w źródle"
"chs-14-118","trap|distractor:e","brak w źródle"
"chs-14-119","trap|distractor:c","brak w źródle"
"chs-14-120","trap|distractor:e","brak w źródle"
"chs-14-121","trap|distractor:b","brak w źródle"
"chs-14-122","trap|distractor:e","brak w źródle"
"chs-14-123","trap|distractor:a","brak w źródle"
"chs-14-124","trap|distractor:e","brak w źródle"
"chs-14-125","trap|distractor:c","brak w źródle"
"chs-14-126","trap|distractor:e","brak w źródle"
"chs-14-127","trap|distractor:a","brak w źródle"
"chs-14-128","trap|distractor:b","brak w źródle"
"chs-14-129","trap|distractor:d","brak w źródle"
"chs-14-130","trap|distractor:a","brak w źródle"
"chs-14-131","trap|distractor:b|distractor:d","brak w źródle"
"chs-14-132","distractor:c|distractor:e","brak w źródle"
"chs-14-133","trap|distractor:e","brak w źródle"
"chs-14-134","distractor:b|distractor:d","brak w źródle"
"chs-14-135","trap|distractor:c|distractor:e","brak w źródle"
"chs-14-136","trap|distractor:c","brak w źródle"
"chs-14-137","trap|distractor:b|distractor:e","brak w źródle"
"chs-14-138","trap|distractor:e","brak w źródle"
"chs-14-139","takeaway|distractor:c","brak w źródle"
"chs-14-140","trap|distractor:e","brak w źródle"
"chs-14-141","trap|distractor:b","brak w źródle"
"chs-14-142","trap|distractor:d","brak w źródle"
"chs-14-143","trap|distractor:b","brak w źródle"
"chs-14-144","takeaway|distractor:c|distractor:e","brak w źródle"
"chs-14-145","trap|distractor:c","brak w źródle"
"chs-14-146","trap|distractor:b","brak w źródle"
"chs-14-147","trap|distractor:c","brak w źródle"
"chs-14-148","trap|distractor:d","brak w źródle"
"chs-14-149","trap|distractor:a","brak w źródle"
"chs-14-150","takeaway|distractor:c","brak w źródle"
"chs-14-151","trap|distractor:b","brak w źródle"
"chs-14-152","takeaway|distractor:e","brak w źródle"
"chs-14-153","trap|distractor:c|distractor:e","brak w źródle"
"chs-14-154","trap|distractor:d|distractor:e","brak w źródle"
"chs-14-155","takeaway|distractor:c","brak w źródle"
"chs-14-156","trap|distractor:a","brak w źródle"
"chs-14-157","trap|distractor:d","brak w źródle"
"chs-14-158","takeaway|distractor:b|distractor:e","brak w źródle"
"chs-14-159","trap|distractor:e","brak w źródle"
"chs-14-160","takeaway|distractor:c|distractor:e","brak w źródle"
"chs-14-161","trap|distractor:c","brak w źródle"
"chs-14-162","takeaway|distractor:b","brak w źródle"
"chs-14-163","trap|distractor:c","brak w źródle"
"chs-14-164","trap|distractor:b|distractor:e","brak w źródle"
"chs-14-165","trap|distractor:e","brak w źródle"
"chs-14-166","takeaway|distractor:e","brak w źródle"
"chs-14-167","trap|distractor:e","brak w źródle"
"chs-14-168","takeaway|distractor:b","brak w źródle"
"chs-14-169","trap|distractor:d","brak w źródle"
"chs-14-170","takeaway|distractor:b","brak w źródle"
"chs-14-171","trap|distractor:b|distractor:e","brak w źródle"
"chs-14-172","takeaway|distractor:d","brak w źródle"
"chs-14-173","trap|distractor:c|distractor:d","brak w źródle"
"chs-14-174","trap|distractor:b|distractor:e","brak w źródle"
"chs-14-175","takeaway|distractor:c|distractor:d","brak w źródle"
"chs-14-176","trap|distractor:e","brak w źródle"
"chs-14-177","trap|distractor:e","brak w źródle"
"chs-14-178","takeaway|distractor:e","brak w źródle"
"chs-14-179","takeaway|distractor:e","brak w źródle"
"chs-14-180","trap|distractor:b","brak w źródle"
"chs-14-181","takeaway|distractor:c","brak w źródle"
"chs-14-182","trap|distractor:d","brak w źródle"
"chs-14-183","trap|distractor:e","brak w źródle"
"chs-14-184","takeaway|distractor:e","brak w źródle"
"chs-15-001","trap|distractor:a|distractor:c","brak w źródle"
"chs-15-002","trap|distractor:d|distractor:e","brak w źródle"
"chs-15-003","takeaway|distractor:a|distractor:d","brak w źródle"
"chs-15-004","takeaway|distractor:b|distractor:e","brak w źródle"
"chs-15-005","trap|distractor:a|distractor:c","brak w źródle"
"chs-15-006","trap|distractor:b|distractor:c","brak w źródle"
"chs-15-007","takeaway|distractor:b|distractor:e","brak w źródle"
"chs-15-008","trap|distractor:d|distractor:e","brak w źródle"
"chs-15-009","takeaway|distractor:c|distractor:d","brak w źródle"
"chs-15-010","trap|distractor:b|distractor:c","brak w źródle"
"chs-15-011","trap|distractor:b|distractor:e","brak w źródle"
"chs-15-012","trap|distractor:b|distractor:e","brak w źródle"
"chs-15-013","takeaway|distractor:c|distractor:e","brak w źródle"
"chs-15-014","trap|distractor:a|distractor:b","brak w źródle"
"chs-15-015","trap|distractor:a|distractor:e","brak w źródle"
"chs-15-016","takeaway|distractor:c|distractor:d","brak w źródle"
"chs-15-017","takeaway|distractor:c|distractor:e","brak w źródle"
"chs-15-018","trap|distractor:a|distractor:e","brak w źródle"
"chs-15-019","trap|distractor:a|distractor:e","brak w źródle"
"chs-15-020","trap|distractor:a|distractor:d","brak w źródle"
"chs-15-021","takeaway|distractor:a|distractor:c","brak w źródle"
"chs-15-022","distractor:d","brak w źródle"
"chs-15-023","trap|distractor:c","brak w źródle"
"chs-15-024","distractor:b","brak w źródle"
"chs-15-025","distractor:a","brak w źródle"
"chs-15-026","distractor:b","brak w źródle"
"chs-15-027","trap|distractor:b","brak w źródle"
"chs-15-028","distractor:e","brak w źródle"
"chs-15-029","trap|distractor:d","brak w źródle"
"chs-15-030","trap|distractor:e","brak w źródle"
"chs-15-031","trap|distractor:c","brak w źródle"
"chs-15-032","distractor:c","brak w źródle"
"chs-15-033","trap|distractor:d","brak w źródle"
"chs-15-034","distractor:b","brak w źródle"
"chs-15-035","trap|distractor:c","brak w źródle"
"chs-15-036","trap|distractor:a|distractor:d","brak w źródle"
"chs-15-037","distractor:a","brak w źródle"
"chs-15-038","distractor:b|distractor:d","brak w źródle"
"chs-15-039","trap|distractor:e","brak w źródle"
"chs-15-040","takeaway|distractor:c","brak w źródle"
"chs-15-041","takeaway|trap|distractor:c","brak w źródle"
"chs-15-042","trap|distractor:e","brak w źródle"
"chs-15-043","takeaway|distractor:d","brak w źródle"
"chs-15-044","trap|distractor:c","brak w źródle"
"chs-15-045","takeaway|distractor:a","brak w źródle"
"chs-15-046","trap|distractor:e","brak w źródle"
"chs-15-047","trap|distractor:a","brak w źródle"
"chs-15-048","takeaway|trap|distractor:b","brak w źródle"
"chs-15-049","takeaway|distractor:a","brak w źródle"
"chs-15-050","takeaway|distractor:c","brak w źródle"
"chs-15-051","trap|distractor:c","brak w źródle"
"chs-15-052","trap|distractor:a","brak w źródle"
"chs-15-053","takeaway|trap|distractor:e","brak w źródle"
"chs-15-054","trap|distractor:d","brak w źródle"
"chs-15-055","trap|distractor:e","brak w źródle"
"chs-15-056","takeaway|distractor:c","brak w źródle"
"chs-15-057","trap|distractor:d","brak w źródle"
"chs-15-058","takeaway|distractor:b","brak w źródle"
"chs-15-059","trap|distractor:a","brak w źródle"
"chs-15-060","takeaway|distractor:a|distractor:b","brak w źródle"
"chs-15-061","trap|distractor:d","brak w źródle"
"chs-15-062","takeaway|distractor:b|distractor:e","brak w źródle"
"chs-15-063","trap|distractor:d","brak w źródle"
"chs-15-064","takeaway|distractor:a|distractor:c","brak w źródle"
"chs-15-065","trap|distractor:a|distractor:c","brak w źródle"
"chs-15-066","trap|distractor:a","brak w źródle"
"chs-15-067","trap|distractor:d","brak w źródle"
"chs-15-068","trap|distractor:d","brak w źródle"
"chs-15-069","takeaway|distractor:d|distractor:e","brak w źródle"
"chs-15-070","takeaway|distractor:a","brak w źródle"
"chs-15-071","trap|distractor:e","brak w źródle"
"chs-15-072","trap|distractor:c|distractor:e","brak w źródle"
"chs-15-073","trap|distractor:b|distractor:d","brak w źródle"
"chs-15-074","takeaway|distractor:d","brak w źródle"
"chs-15-075","distractor:a|distractor:d","brak w źródle"
"chs-15-076","trap|distractor:a","brak w źródle"
"chs-15-077","distractor:a","brak w źródle"
"chs-15-078","distractor:c","brak w źródle"
"chs-15-079","trap|distractor:c|distractor:e","distractor_unmatched: zawartość istoty gąbczastej i zbitej jest w głowie i w szyjce zbliżona"
"chs-15-080","distractor:b|distractor:d|distractor:e","distractor_unmatched: siły ściskające działają w części zębodołowej żuchwy, a rozciągające na jej dolnym brzegu; distractor_unmatched: największe naprężenia skręcające powstają w okolicy kąta żuchwy"
"chs-15-081","trap|distractor:d","brak w źródle"
"chs-15-082","distractor:a","brak w źródle"
"chs-15-083","trap|distractor:b|distractor:d","distractor_unmatched: dolnego brzegu żuchwy na wysokości zębów trzonowych"
"chs-15-084","trap|distractor:b","brak w źródle"
"chs-15-085","trap|distractor:b","brak w źródle"
"chs-15-086","distractor:b|distractor:e","distractor_unmatched: beta-2-transferyna występuje także w wydzielinie błony śluzowej nosa"
"chs-15-087","distractor:d","brak w źródle"
"chs-15-088","trap|distractor:e","brak w źródle"
"chs-15-089","trap|distractor:d","brak w źródle"
"chs-15-090","trap|distractor:d|distractor:e","distractor_unmatched: utrwalony po zakończeniu wzrostu i niezmienny mimo utraty zębów"
"chs-15-091","distractor:c","brak w źródle"
"chs-15-092","trap|distractor:e","brak w źródle"
"chs-15-093","distractor:e","brak w źródle"
"chs-15-094","trap|distractor:e","brak w źródle"
"chs-15-095","distractor:e","brak w źródle"
"chs-15-096","trap|distractor:d","brak w źródle"
"chs-15-097","distractor:d","brak w źródle"
"chs-15-098","trap|distractor:d","brak w źródle"
"chs-15-099","takeaway|trap|distractor:b","brak w źródle"
"chs-15-100","trap|distractor:e","brak w źródle"
"chs-15-101","takeaway|distractor:e","brak w źródle"
"chs-15-102","trap|distractor:b","brak w źródle"
"chs-15-103","takeaway|distractor:a","brak w źródle"
"chs-15-104","trap|distractor:d","brak w źródle"
"chs-15-105","distractor:d","brak w źródle"
"chs-15-106","takeaway|distractor:e","brak w źródle"
"chs-15-107","trap|distractor:b","brak w źródle"
"chs-15-108","trap|distractor:e","brak w źródle"
"chs-15-109","trap|distractor:c","brak w źródle"
"chs-15-110","trap|distractor:d","brak w źródle"
"chs-15-111","takeaway|distractor:e","brak w źródle"
"chs-15-112","takeaway|distractor:c","brak w źródle"
"chs-15-113","trap|distractor:d","brak w źródle"
"chs-15-114","takeaway|distractor:b","brak w źródle"
"chs-15-115","distractor:c","brak w źródle"
"chs-15-116","trap|distractor:b","brak w źródle"
"chs-15-117","distractor:a","brak w źródle"
"chs-15-118","distractor:c","brak w źródle"
"chs-15-119","trap|distractor:d","brak w źródle"
"chs-15-120","distractor:d","brak w źródle"
"chs-15-121","trap|distractor:b","brak w źródle"
"chs-15-122","distractor:a","brak w źródle"
"chs-15-123","trap|distractor:d","brak w źródle"
"chs-15-124","distractor:e","brak w źródle"
"chs-15-125","trap|distractor:c","brak w źródle"
"chs-15-126","distractor:e","brak w źródle"
"chs-15-127","trap|distractor:d","brak w źródle"
"chs-15-128","trap|distractor:d","brak w źródle"
"chs-15-129","distractor:d","brak w źródle"
"chs-15-130","trap|distractor:b","brak w źródle"
"chs-15-131","distractor:e","brak w źródle"
"chs-15-132","trap|distractor:c","brak w źródle"
"chs-15-133","distractor:d","brak w źródle"
"chs-15-134","trap|distractor:a|distractor:e","brak w źródle"
"chs-15-135","distractor:e","brak w źródle"
"chs-15-136","distractor:e","brak w źródle"
"chs-15-137","distractor:e","brak w źródle"
"chs-15-138","distractor:e","brak w źródle"
"chs-15-139","distractor:b","brak w źródle"
"chs-15-140","distractor:b","brak w źródle"
"chs-15-141","distractor:e","brak w źródle"
"chs-15-142","distractor:d","brak w źródle"
"chs-15-143","distractor:d","brak w źródle"
"chs-15-144","distractor:e","brak w źródle"
"chs-15-145","distractor:c","brak w źródle"
"chs-15-146","distractor:b","brak w źródle"
"chs-15-147","distractor:c","brak w źródle"
"chs-15-148","distractor:e","brak w źródle"
"chs-15-149","distractor:b","brak w źródle"
"chs-15-150","distractor:a","brak w źródle"
"chs-15-151","distractor:e","brak w źródle"
"chs-15-152","distractor:e","brak w źródle"
"chs-15-153","distractor:d","brak w źródle"
"chs-15-154","distractor:c","brak w źródle"
"chs-15-155","trap|distractor:e","brak w źródle"
"chs-15-156","takeaway|distractor:e","brak w źródle"
"chs-15-157","trap|distractor:e","brak w źródle"
"chs-15-158","distractor:e","brak w źródle"
"chs-15-159","distractor:b","brak w źródle"
"chs-15-160","trap|distractor:d","brak w źródle"
"chs-15-161","distractor:b","brak w źródle"
"chs-15-162","trap|distractor:d","brak w źródle"
"chs-15-163","trap|distractor:d","brak w źródle"
"chs-15-164","trap|distractor:e","brak w źródle"
"chs-15-165","distractor:e","brak w źródle"
"chs-15-166","distractor:d","brak w źródle"
"chs-15-167","trap|distractor:c","brak w źródle"
"chs-15-168","distractor:d","brak w źródle"
"chs-15-169","trap|distractor:d","brak w źródle"
"chs-15-170","trap|distractor:c","brak w źródle"
"chs-15-171","distractor:b|distractor:e","brak w źródle"
"chs-15-172","trap|distractor:a|distractor:c","brak w źródle"
"chs-15-173","distractor:b|distractor:e","brak w źródle"
"chs-15-174","trap|distractor:c|distractor:d","brak w źródle"
"chs-15-175","trap|distractor:c|distractor:e","brak w źródle"
"chs-15-176","trap|distractor:c|distractor:d","brak w źródle"
"chs-15-177","trap|distractor:c","brak w źródle"
"chs-15-178","distractor:b|distractor:c","brak w źródle"
"chs-15-179","trap|distractor:b|distractor:e","brak w źródle"
"chs-15-180","trap|distractor:a|distractor:c","brak w źródle"
"chs-15-181","trap|distractor:c|distractor:d","brak w źródle"
"chs-15-182","trap|distractor:a|distractor:b","brak w źródle"
"chs-15-183","trap|distractor:d|distractor:e","brak w źródle"
"chs-15-184","trap|distractor:c|distractor:d","brak w źródle"
"chs-15-185","trap|distractor:c|distractor:d","brak w źródle"
"chs-15-186","trap|distractor:e","brak w źródle"
"chs-15-187","distractor:d","brak w źródle"
"chs-15-188","trap|distractor:c|distractor:e","brak w źródle"
"chs-15-189","trap|distractor:a|distractor:e","brak w źródle"
"chs-15-190","distractor:c|distractor:e","brak w źródle"
"chs-15-191","distractor:a|distractor:b","brak w źródle"
"chs-15-192","distractor:a","brak w źródle"
"chs-15-193","distractor:d|distractor:e","brak w źródle"
"chs-15-194","distractor:b","brak w źródle"
"chs-15-195","distractor:e","brak w źródle"
"chs-15-196","distractor:d|distractor:e","brak w źródle"
"chs-15-197","distractor:d","brak w źródle"
"chs-15-198","distractor:a","brak w źródle"
"chs-15-199","distractor:a|distractor:e","brak w źródle"
"chs-15-200","distractor:b|distractor:e","brak w źródle"
"chs-15-201","distractor:c|distractor:e","brak w źródle"
"chs-15-202","distractor:b|distractor:e","brak w źródle"
"chs-15-203","distractor:a|distractor:b","brak w źródle"
"chs-15-204","distractor:b|distractor:d","brak w źródle"
"chs-15-205","distractor:e","brak w źródle"
"chs-16-001","trap|distractor:e","brak w źródle"
"chs-16-002","takeaway|distractor:e","brak w źródle"
"chs-16-003","trap|distractor:a","brak w źródle"
"chs-16-004","trap|distractor:b","brak w źródle"
"chs-16-005","takeaway|distractor:b","brak w źródle"
"chs-16-006","trap|distractor:a","brak w źródle"
"chs-16-007","takeaway|distractor:e","brak w źródle"
"chs-16-008","trap|distractor:a","brak w źródle"
"chs-16-009","trap|distractor:b","brak w źródle"
"chs-16-010","takeaway|distractor:c","brak w źródle"
"chs-16-011","trap|distractor:d","brak w źródle"
"chs-16-012","trap|distractor:e","brak w źródle"
"chs-16-013","takeaway|distractor:e","brak w źródle"
"chs-16-014","trap|distractor:d","brak w źródle"
"chs-16-015","takeaway|distractor:c","brak w źródle"
"chs-16-016","trap|distractor:e","brak w źródle"
"chs-16-017","takeaway|distractor:e","brak w źródle"
"chs-16-018","trap|distractor:b","brak w źródle"
"chs-16-019","trap|distractor:c","brak w źródle"
"chs-16-020","trap|distractor:d","brak w źródle"
"chs-16-021","takeaway|distractor:e","brak w źródle"
"chs-16-022","trap|distractor:a","brak w źródle"
"chs-16-023","trap|distractor:c","brak w źródle"
"chs-16-024","takeaway|distractor:c","brak w źródle"
"chs-16-025","trap|distractor:c","brak w źródle"
"chs-16-026","takeaway|distractor:e","brak w źródle"
"chs-16-027","trap|distractor:c","brak w źródle"
"chs-16-028","trap|distractor:d","brak w źródle"
"chs-16-029","takeaway|distractor:b","brak w źródle"
"chs-16-030","trap|distractor:e","brak w źródle"
"chs-16-031","takeaway|distractor:d","brak w źródle"
"chs-16-032","trap|distractor:e","brak w źródle"
"chs-16-033","takeaway|distractor:b","brak w źródle"
"chs-16-034","trap|distractor:d","brak w źródle"
"chs-16-035","trap|distractor:e","brak w źródle"
"chs-16-036","trap|distractor:b","brak w źródle"
"chs-16-037","takeaway|distractor:e","brak w źródle"
"chs-16-038","takeaway|distractor:b","brak w źródle"
"chs-16-039","trap|distractor:b","brak w źródle"
"chs-16-040","trap|distractor:e","brak w źródle"
"chs-16-041","trap|distractor:b","brak w źródle"
"chs-16-042","trap|distractor:d","brak w źródle"
"chs-16-043","distractor:b","brak w źródle"
"chs-16-044","trap|distractor:d","brak w źródle"
"chs-16-045","takeaway|distractor:b","brak w źródle"
"chs-16-046","trap|distractor:d","brak w źródle"
"chs-16-047","takeaway|distractor:d","brak w źródle"
"chs-16-048","trap|distractor:a","brak w źródle"
"chs-16-049","trap|distractor:a|distractor:d","brak w źródle"
"chs-16-050","trap|distractor:d","brak w źródle"
"chs-16-051","trap|distractor:b","brak w źródle"
"chs-16-052","takeaway|distractor:c|distractor:e","brak w źródle"
"chs-16-053","trap|distractor:b","brak w źródle"
"chs-16-054","takeaway|distractor:b","brak w źródle"
"chs-16-055","trap|distractor:c","brak w źródle"
"chs-16-056","takeaway|distractor:e","brak w źródle"
"chs-16-057","trap|distractor:c","brak w źródle"
"chs-16-058","takeaway|distractor:d|distractor:e","brak w źródle"
"chs-17-001","trap|distractor:d","brak w źródle"
"chs-17-002","takeaway|distractor:e","brak w źródle"
"chs-17-003","trap|distractor:b","brak w źródle"
"chs-17-004","takeaway|distractor:c","brak w źródle"
"chs-17-005","trap|distractor:d","brak w źródle"
"chs-17-006","takeaway|distractor:e","brak w źródle"
"chs-17-007","trap|distractor:c|distractor:e","distractor_unmatched: wady III klasy występują częściej niż wady II klasy i częściej są operowane (duplikat a)"
"chs-17-008","takeaway|distractor:c","brak w źródle"
"chs-17-009","trap|distractor:b","brak w źródle"
"chs-17-010","takeaway|distractor:d","brak w źródle"
"chs-17-011","trap|distractor:c","brak w źródle"
"chs-17-012","trap|distractor:b","brak w źródle"
"chs-17-013","trap|distractor:c","brak w źródle"
"chs-17-014","takeaway|distractor:b","brak w źródle"
"chs-17-015","trap|distractor:a","brak w źródle"
"chs-17-016","takeaway|distractor:a","brak w źródle"
"chs-17-017","trap|distractor:a","brak w źródle"
"chs-17-018","takeaway|distractor:d","brak w źródle"
"chs-17-019","trap|distractor:b","brak w źródle"
"chs-17-020","trap|distractor:e","brak w źródle"
"chs-17-021","takeaway|distractor:b","brak w źródle"
"chs-17-022","trap|distractor:e","brak w źródle"
"chs-17-023","takeaway|distractor:c","brak w źródle"
"chs-17-024","trap|distractor:e","brak w źródle"
"chs-17-025","takeaway|distractor:c","brak w źródle"
"chs-17-026","trap|distractor:e","brak w źródle"
"chs-17-027","trap|distractor:d","brak w źródle"
"chs-17-028","trap|distractor:d","brak w źródle"
"chs-17-029","takeaway|distractor:d","brak w źródle"
"chs-17-030","trap|distractor:b","brak w źródle"
"chs-17-031","takeaway|distractor:e","brak w źródle"
"chs-17-032","trap|distractor:c","brak w źródle"
"chs-17-033","takeaway|distractor:d","brak w źródle"
"chs-17-034","trap|distractor:e","brak w źródle"
"chs-17-035","trap|distractor:d","brak w źródle"
"chs-17-036","trap|distractor:e","brak w źródle"
"chs-17-037","trap|distractor:e","brak w źródle"
"chs-17-038","takeaway|distractor:d","brak w źródle"
"chs-17-039","trap|distractor:c","brak w źródle"
"chs-17-040","takeaway|distractor:e","brak w źródle"
"chs-17-041","trap|distractor:e","brak w źródle"
"chs-17-042","takeaway|distractor:b","brak w źródle"
"chs-17-043","trap|distractor:b","brak w źródle"
"chs-17-044","takeaway|distractor:d","brak w źródle"
"chs-17-045","trap|distractor:d","brak w źródle"
"chs-17-046","trap|distractor:b","brak w źródle"
"chs-17-047","takeaway|distractor:c","brak w źródle"
"chs-17-048","trap|distractor:a|distractor:e","brak w źródle"
"chs-17-049","takeaway|distractor:a","brak w źródle"
"chs-17-050","trap|distractor:d","brak w źródle"
"chs-17-051","takeaway|distractor:e","brak w źródle"
"chs-17-052","trap|distractor:c","brak w źródle"
"chs-17-053","takeaway|distractor:c","brak w źródle"
"chs-17-054","trap|distractor:d","brak w źródle"
"chs-17-055","trap|distractor:b|distractor:e","brak w źródle"
"chs-17-056","distractor:a|distractor:c","brak w źródle"
"chs-17-057","trap|distractor:d|distractor:e","brak w źródle"
"chs-17-058","trap|distractor:c|distractor:d","brak w źródle"
"chs-17-059","takeaway|distractor:b|distractor:c","brak w źródle"
"chs-17-060","trap|distractor:c|distractor:d","brak w źródle"
"chs-17-061","trap|distractor:a|distractor:b","brak w źródle"
"chs-17-062","trap|distractor:b|distractor:e","brak w źródle"
"chs-17-063","trap|distractor:b|distractor:c","brak w źródle"
"chs-17-064","takeaway|distractor:a|distractor:b","brak w źródle"
"chs-17-065","takeaway|distractor:c|distractor:e","brak w źródle"
"chs-17-066","trap|distractor:a|distractor:e","brak w źródle"
"chs-17-067","trap|distractor:c|distractor:d","brak w źródle"
"chs-17-068","trap|distractor:c|distractor:d","brak w źródle"
"chs-17-069","takeaway|distractor:b|distractor:d","brak w źródle"
"chs-17-070","trap|distractor:b|distractor:e","brak w źródle"
"chs-18-001","trap|distractor:b|distractor:c","brak w źródle"
"chs-18-002","takeaway|distractor:a|distractor:b","brak w źródle"
"chs-18-003","trap|distractor:a|distractor:e","brak w źródle"
"chs-18-004","takeaway|distractor:c|distractor:d","brak w źródle"
"chs-18-005","trap|distractor:d|distractor:e","brak w źródle"
"chs-18-006","takeaway|distractor:a|distractor:e","brak w źródle"
"chs-18-007","trap|distractor:d|distractor:e","brak w źródle"
"chs-18-008","takeaway|distractor:a|distractor:d","brak w źródle"
"chs-18-009","takeaway|distractor:b|distractor:c","brak w źródle"
"chs-18-010","trap|distractor:b|distractor:d","brak w źródle"
"chs-18-011","takeaway|distractor:c|distractor:d","brak w źródle"
"chs-18-012","trap|distractor:b|distractor:c","brak w źródle"
"chs-18-013","takeaway|distractor:a|distractor:e","brak w źródle"
"chs-18-014","trap|distractor:a|distractor:d","brak w źródle"
"chs-18-015","takeaway|distractor:a|distractor:c","brak w źródle"
"chs-18-016","trap|distractor:d|distractor:e","brak w źródle"
"chs-18-017","takeaway|distractor:d|distractor:e","brak w źródle"
"chs-18-018","distractor:b","brak w źródle"
"chs-18-019","trap|distractor:e","brak w źródle"
"chs-18-020","distractor:e","brak w źródle"
"chs-18-021","trap|distractor:e","brak w źródle"
"chs-18-022","distractor:b","brak w źródle"
"chs-18-023","trap|distractor:e","brak w źródle"
"chs-18-024","trap|distractor:e","brak w źródle"
"chs-18-025","trap|distractor:c","brak w źródle"
"chs-18-026","trap|distractor:d","brak w źródle"
"chs-18-027","trap|distractor:a","brak w źródle"
"chs-18-028","trap|distractor:d","brak w źródle"
"chs-18-029","distractor:a","brak w źródle"
"chs-18-030","trap|distractor:b","brak w źródle"
"chs-18-031","trap|distractor:b","brak w źródle"
"chs-19-001","trap|distractor:e","brak w źródle"
"chs-19-002","takeaway|distractor:e","brak w źródle"
"chs-19-003","trap|distractor:c","brak w źródle"
"chs-19-004","takeaway|distractor:e","brak w źródle"
"chs-19-005","trap|distractor:d","brak w źródle"
"chs-19-006","takeaway|distractor:e","brak w źródle"
"chs-19-007","trap|distractor:b","brak w źródle"
"chs-19-008","takeaway|distractor:d","brak w źródle"
"chs-19-009","trap|distractor:c","brak w źródle"
"chs-19-010","takeaway|distractor:c","brak w źródle"
"chs-19-011","trap|distractor:d","brak w źródle"
"chs-19-012","takeaway|distractor:a","brak w źródle"
"chs-19-013","trap|distractor:a","brak w źródle"
"chs-19-014","takeaway|distractor:d","brak w źródle"
"chs-19-015","trap|distractor:e","brak w źródle"
"chs-19-016","trap|distractor:d","brak w źródle"
"chs-19-017","takeaway|distractor:d","brak w źródle"
"chs-19-018","trap|distractor:c","brak w źródle"
"chs-19-019","takeaway|distractor:e","brak w źródle"
"chs-19-020","trap|distractor:e","brak w źródle"
"chs-19-021","trap|distractor:e","brak w źródle"
"chs-19-022","takeaway|distractor:e","brak w źródle"
"chs-19-023","trap|distractor:e","brak w źródle"
"chs-19-024","trap|distractor:e","brak w źródle"
"chs-19-025","takeaway|distractor:c","brak w źródle"
"chs-19-026","trap|distractor:d","brak w źródle"
"chs-19-027","takeaway|distractor:c","brak w źródle"
"chs-19-028","trap|distractor:e","brak w źródle"
"chs-19-029","trap|distractor:c","brak w źródle"
"chs-19-030","trap|distractor:c","brak w źródle"
"chs-19-031","takeaway|distractor:c","brak w źródle"
"chs-19-032","takeaway|distractor:c","brak w źródle"
"chs-19-033","trap|distractor:b","brak w źródle"
"chs-19-034","trap|distractor:d","brak w źródle"
"chs-19-035","trap|distractor:c","brak w źródle"
"chs-19-036","trap|distractor:c","brak w źródle"
"chs-19-037","trap|distractor:a","brak w źródle"
"chs-19-038","takeaway|distractor:e","brak w źródle"
"chs-19-039","trap|distractor:a","brak w źródle"
"chs-19-040","takeaway|distractor:d","brak w źródle"
"chs-19-041","trap|distractor:c","brak w źródle"
"chs-19-042","takeaway|distractor:e","brak w źródle"
"chs-19-043","trap|distractor:d","brak w źródle"
"chs-19-044","takeaway|distractor:b","brak w źródle"
"chs-19-045","trap|distractor:e","brak w źródle"
"chs-19-046","trap|distractor:a|distractor:b|distractor:c|distractor:e","distractor_unmatched: ciąg rozpoczynający się od obrzęku i krwotocznego wysięku; distractor_unmatched: ciąg rozpoczynający się od reakcji zapalnej błony maziowej; distractor_unmatched: ciąg kończący się przerostem i zwłóknieniem błony maziowej"
"chs-19-047","takeaway|distractor:c","brak w źródle"
"chs-19-048","trap|distractor:b","brak w źródle"
"chs-19-049","takeaway|distractor:e","brak w źródle"
"chs-19-050","trap|distractor:d","brak w źródle"
"chs-19-051","takeaway|distractor:b","brak w źródle"
"chs-19-052","takeaway|distractor:a","brak w źródle"
"chs-19-053","trap|distractor:e","brak w źródle"
"chs-19-054","takeaway|distractor:c","brak w źródle"
"chs-19-055","trap|distractor:d","brak w źródle"
"chs-19-056","trap|distractor:d","brak w źródle"
"chs-19-057","trap|distractor:d","brak w źródle"
"chs-19-058","takeaway|distractor:e","brak w źródle"
"chs-19-059","trap|distractor:b","brak w źródle"
"chs-19-060","takeaway|distractor:b","brak w źródle"
"chs-19-061","trap|distractor:e","brak w źródle"
"chs-19-062","trap|distractor:e","brak w źródle"
"chs-19-063","trap|distractor:e","brak w źródle"
"chs-19-064","takeaway|distractor:a|distractor:b|distractor:c|distractor:d","distractor_unmatched: dodatni wynik badania przesądza o rozpoznaniu, ponieważ przeciwciało to jest swoiste dla reumatoidalnego zapalenia stawów; distractor_unmatched: ujemny wynik badania pozwala wykluczyć reumatoidalne zapalenie stawów; distractor_unmatched: wysokie miano czynnika reumatoidalnego zapowiada łagodniejszy przebieg"
"chs-19-065","trap|distractor:b","brak w źródle"
"chs-19-066","takeaway|distractor:c","brak w źródle"
"chs-19-067","takeaway|distractor:d","brak w źródle"
"chs-19-068","trap|distractor:b","brak w źródle"
"chs-19-069","trap|distractor:a","brak w źródle"
"chs-19-070","takeaway|distractor:d","brak w źródle"
"chs-19-071","trap|distractor:c","brak w źródle"
"chs-19-072","trap|distractor:c","brak w źródle"
"chs-19-073","trap|distractor:e","brak w źródle"
"chs-19-074","takeaway|distractor:d","brak w źródle"
"chs-19-075","trap|distractor:a","brak w źródle"
"chs-19-076","distractor:b|distractor:c|distractor:d|distractor:e","distractor_unmatched: nadżerki wyprzedzają o kilka tygodni pierwsze dolegliwości; distractor_unmatched: dodatni czynnik reumatoidalny i dodatnie przeciwciała przeciwjądrowe; distractor_unmatched: przebieg podstępny i symetryczny"
"chs-19-077","trap|distractor:d","brak w źródle"
"chs-19-078","distractor:d","brak w źródle"
"chs-19-079","trap|distractor:e","brak w źródle"
"chs-19-080","distractor:b|distractor:c","distractor_unmatched: opalizujący płyn z igiełkowatymi kryształami"
"chs-19-081","trap|distractor:a|distractor:c|distractor:d|distractor:e","distractor_unmatched: zmiana bolesna i chłodniejsza od otoczenia; distractor_unmatched: zmiany wtórne w miejscach kolejnych ukąszeń, większe od pierwotnej; distractor_unmatched: uogólnione powiększenie węzłów chłonnych"
"chs-19-082","distractor:a|distractor:b|distractor:c|distractor:d","distractor_unmatched: wyprzedzają rumień wędrujący; distractor_unmatched: stale narastający ból bez remisji i bez nawrotów; distractor_unmatched: nie obejmują stawu skroniowo-żuchwowego"
"chs-19-083","trap|distractor:b","brak w źródle"
"chs-19-084","trap|distractor:d","brak w źródle"
"chs-19-085","distractor:b","brak w źródle"
"chs-19-086","distractor:c","brak w źródle"
"chs-19-087","trap|distractor:a|distractor:c|distractor:d","distractor_unmatched: pierwotny zespół Sjögrena; distractor_unmatched: toczeń rumieniowaty układowy"
"chs-19-088","trap|distractor:e","brak w źródle"
"chs-19-089","distractor:b|distractor:e","distractor_unmatched: ograniczenie rozpoznania do zaburzeń wewnątrzstawowych"
"chs-19-090","trap|distractor:d","brak w źródle"
"chs-19-091","distractor:a|distractor:b|distractor:d|distractor:e","distractor_unmatched: prawdziwy proces nowotworowy o nieograniczonym wzroście; distractor_unmatched: wzrost przez kostnienie śródchrzęstne hamowany przez przerost; distractor_unmatched: dobrze poznana przyczyna w postaci przeciążenia stawu"
"chs-19-092","trap|distractor:c","brak w źródle"
"chs-19-093","trap|distractor:a","brak w źródle"
"chs-19-094","trap|distractor:e","brak w źródle"
"chs-19-095","takeaway|distractor:a","brak w źródle"
"chs-19-096","trap|distractor:d","brak w źródle"
"chs-19-097","trap|distractor:b","brak w źródle"
"chs-19-098","trap|distractor:a","brak w źródle"
"chs-19-099","trap|distractor:d","brak w źródle"
"chs-19-100","trap|distractor:e","brak w źródle"
"chs-19-101","takeaway|distractor:b","brak w źródle"
"chs-19-102","takeaway|distractor:a","brak w źródle"
"chs-19-103","trap|distractor:e","brak w źródle"
"chs-19-104","trap|distractor:c","brak w źródle"
"chs-19-105","takeaway|distractor:e","brak w źródle"
"chs-19-106","takeaway|distractor:e","brak w źródle"
"chs-19-107","trap|distractor:b","brak w źródle"
"chs-19-108","takeaway|distractor:e","brak w źródle"
"chs-19-109","trap|distractor:c","brak w źródle"
"chs-19-110","trap|distractor:e","brak w źródle"
"chs-20-001","trap|distractor:d","brak w źródle"
"chs-20-002","takeaway|distractor:e","brak w źródle"
"chs-20-003","trap|distractor:d","brak w źródle"
"chs-20-004","takeaway|distractor:d","brak w źródle"
"chs-20-005","trap|distractor:e","brak w źródle"
"chs-20-006","takeaway|distractor:e","brak w źródle"
"chs-20-007","trap|distractor:a","brak w źródle"
"chs-20-008","takeaway|distractor:c","brak w źródle"
"chs-20-009","trap|distractor:e","brak w źródle"
"chs-20-010","takeaway|distractor:d","brak w źródle"
"chs-20-011","takeaway|distractor:c","brak w źródle"
"chs-20-012","trap|distractor:e","brak w źródle"
"chs-20-013","trap|distractor:e","brak w źródle"
"chs-20-014","takeaway|distractor:e","brak w źródle"
"chs-20-015","trap|distractor:e","brak w źródle"
"chs-20-016","takeaway|distractor:e","brak w źródle"
"chs-20-017","trap|distractor:c","brak w źródle"
"chs-20-018","trap|distractor:b","brak w źródle"
"chs-20-019","trap|distractor:a|distractor:d","distractor_unmatched: przechylenie płaszczyzny zgryzu przy zachowanej wysokości tylnego odcinka szczęki"
"chs-20-020","takeaway|distractor:d","brak w źródle"
"chs-20-021","trap|distractor:c","brak w źródle"
"chs-20-022","takeaway|distractor:c","brak w źródle"
"chs-20-023","takeaway|distractor:d","brak w źródle"
"chs-20-024","trap|distractor:b","brak w źródle"
"chs-20-025","trap|distractor:d","brak w źródle"
"chs-20-026","takeaway|distractor:d","brak w źródle"
"chs-20-027","trap|distractor:a","brak w źródle"
"chs-20-028","takeaway|distractor:c","brak w źródle"
"chs-20-029","trap|distractor:e","brak w źródle"
"chs-20-030","takeaway|distractor:b","brak w źródle"
"chs-20-031","trap|distractor:d","brak w źródle"
"chs-20-032","takeaway|distractor:e","brak w źródle"
"chs-20-033","trap|distractor:a","brak w źródle"
"chs-20-034","trap|distractor:e","brak w źródle"
"chs-20-035","takeaway|distractor:c","brak w źródle"
"chs-20-036","trap|distractor:b","brak w źródle"
"chs-20-037","distractor:c","brak w źródle"
"chs-20-038","trap|distractor:d","brak w źródle"
"chs-20-039","takeaway|distractor:e","brak w źródle"
"chs-20-040","trap|distractor:c","brak w źródle"
"chs-20-041","trap|distractor:a","brak w źródle"
"chs-20-042","takeaway|distractor:e","brak w źródle"
"chs-20-043","trap|distractor:c","brak w źródle"
"chs-20-044","trap|distractor:e","brak w źródle"
"chs-20-045","takeaway|distractor:d","brak w źródle"
"chs-20-046","trap|distractor:d","brak w źródle"
"chs-20-047","takeaway|distractor:d","brak w źródle"
"chs-20-048","trap|distractor:a","brak w źródle"
"chs-20-049","trap|distractor:e","brak w źródle"
"chs-20-050","trap|distractor:c","brak w źródle"
"chs-20-051","takeaway|distractor:a","brak w źródle"
"chs-20-052","trap|distractor:c","brak w źródle"
"chs-20-053","trap|distractor:c","brak w źródle"
"chs-20-054","takeaway|distractor:e","brak w źródle"
"chs-20-055","trap|distractor:c","brak w źródle"
"chs-20-056","takeaway|distractor:e","brak w źródle"
"chs-20-057","trap|distractor:c","brak w źródle"
"chs-20-058","trap|distractor:c","brak w źródle"
"chs-20-059","takeaway|distractor:e","brak w źródle"
"chs-20-060","trap|distractor:d","brak w źródle"
"chs-20-061","trap|distractor:b","brak w źródle"
"chs-20-062","takeaway|distractor:e","brak w źródle"
"chs-20-063","trap|distractor:e","brak w źródle"
"chs-20-064","takeaway|distractor:d","brak w źródle"
"chs-20-065","trap|distractor:e","brak w źródle"
"chs-20-066","takeaway|distractor:a","brak w źródle"
"chs-20-067","trap|distractor:e","brak w źródle"
"chs-20-068","trap|distractor:b","brak w źródle"
"chs-20-069","trap|distractor:a","brak w źródle"
"chs-20-070","trap|distractor:b","brak w źródle"
"chs-20-071","takeaway|distractor:e","brak w źródle"
"chs-20-072","trap|distractor:d","brak w źródle"
"chs-20-073","takeaway|distractor:d","brak w źródle"
"chs-20-074","trap|distractor:c","brak w źródle"
"chs-20-075","takeaway|distractor:a","brak w źródle"
"chs-20-076","trap|distractor:b","brak w źródle"
"chs-20-077","trap|distractor:d","brak w źródle"
"chs-20-078","trap|distractor:b","brak w źródle"
"chs-20-079","takeaway|distractor:c","brak w źródle"
"chs-20-080","trap|distractor:a","brak w źródle"
"chs-20-081","takeaway|distractor:d","brak w źródle"
"chs-20-082","trap|distractor:c","brak w źródle"
"chs-20-083","takeaway|distractor:c","brak w źródle"
"chs-20-084","trap|distractor:b","brak w źródle"
"chs-20-085","takeaway|distractor:a","brak w źródle"
"chs-20-086","trap|distractor:c","brak w źródle"
"chs-20-087","trap|distractor:b","brak w źródle"
"chs-20-088","takeaway|distractor:e","brak w źródle"
"chs-20-089","takeaway|distractor:c","brak w źródle"
"chs-20-090","trap|distractor:d","brak w źródle"
"chs-20-091","takeaway|distractor:a","brak w źródle"
"chs-20-092","trap|distractor:e","brak w źródle"
"chs-20-093","takeaway|distractor:c","brak w źródle"
"chs-20-094","trap|distractor:e","brak w źródle"
"chs-20-095","trap|distractor:e","brak w źródle"
"chs-20-096","takeaway|distractor:b","brak w źródle"
"chs-20-097","trap|distractor:d","brak w źródle"
"chs-20-098","takeaway|distractor:d","brak w źródle"
"chs-20-099","trap|distractor:b","brak w źródle"
"chs-20-100","trap|distractor:d","brak w źródle"
"chs-20-101","takeaway|distractor:e","brak w źródle"
"chs-20-102","trap|distractor:c","brak w źródle"
"chs-21-001","trap|distractor:a|distractor:c|distractor:d|distractor:e","distractor_unmatched: zwiększenie elastyczności blizny, poprawa ukrwienia tkanek oraz stymulacja czucia; distractor_unmatched: odprowadzenie limfy w stronę węzłów chłonnych szyi; distractor_unmatched: przyspieszenie zrostu kostnego oraz zwiększenie stabilności wprowadzanych wszczepów"
"chs-21-002","takeaway|distractor:b|distractor:c|distractor:d|distractor:e","distractor_unmatched: podstawa nad węzłami nadobojczykowymi z maksymalnym napięciem taśmy; distractor_unmatched: podstawa w obrębie mięśnia żwacza i paski ku węzłom nadobojczykowym; distractor_unmatched: aplikacja bezpośrednio przed manualnym drenażem limfatycznym"
"chs-21-003","trap|distractor:b|distractor:d|distractor:e","distractor_unmatched: manipulacja polega na oddaleniu powierzchni stawowych i biernym prowadzeniu żuchwy; distractor_unmatched: mobilizacje zwiększają ciśnienie wewnątrz stawu"
"chs-21-004","trap|distractor:b|distractor:c|distractor:d|distractor:e","distractor_unmatched: skrócenie mięśnia do pozycji wyjściowej i start od pierwotnej bariery; distractor_unmatched: utrzymanie rozciągnięcia bez zmiany i skurcz z większą siłą; distractor_unmatched: maksymalne odwiedzenie żuchwy ze schłodzeniem mięśnia sprayem"
"chs-21-005","trap|distractor:c","brak w źródle"
"chs-21-006","takeaway|distractor:e","brak w źródle"
"chs-21-007","trap|distractor:c","brak w źródle"
"chs-21-008","takeaway|distractor:a|distractor:b|distractor:e","distractor_unmatched: wprowadzanie cienkich igieł w określonych punktach w obrębie mięśni żucia; distractor_unmatched: efekt przeciwbólowy i poprawa krążenia w okolicznych tkankach"
"chs-21-009","trap|distractor:a|distractor:b|distractor:d|distractor:e","distractor_unmatched: z dużą siłą i w wolnym tempie; distractor_unmatched: ograniczenie zabiegu do okolicy poddanej zabiegowi; distractor_unmatched: dopiero po ustąpieniu obrzęku pozabiegowego"
"chs-21-010","takeaway|distractor:a|distractor:d","distractor_unmatched: poprawa aktywności mięśni osłabionych"
"chs-21-011","trap|distractor:b|distractor:c|distractor:e","distractor_unmatched: ograniczenie się do fizykoterapii; distractor_unmatched: zastąpienie diagnostyki narządu żucia badaniem ruchomości szyi"
"chs-21-012","takeaway|distractor:d","brak w źródle"
"chs-21-013","trap|distractor:a|distractor:b|distractor:c|distractor:d","distractor_unmatched: hiloterapia przez kilkanaście minut, a kompresy żelowe przez kilka dób; distractor_unmatched: spray w bezpośrednim kontakcie z mięśniem; distractor_unmatched: ciepłe okłady przeciw obrzękowi limfatycznemu"
"chs-22-001","distractor:e","brak w źródle"
"chs-22-002","distractor:e","brak w źródle"
"chs-22-003","trap|distractor:b","brak w źródle"
"chs-22-004","distractor:d","brak w źródle"
"chs-22-005","distractor:a","brak w źródle"
"chs-22-006","distractor:e","brak w źródle"
"chs-22-007","distractor:d","brak w źródle"
"chs-22-008","distractor:c","brak w źródle"
"chs-22-009","distractor:d","brak w źródle"
"chs-22-010","trap|distractor:c","brak w źródle"
"chs-22-011","distractor:e","brak w źródle"
"chs-22-012","trap|distractor:e","brak w źródle"
"chs-22-013","trap|distractor:a","brak w źródle"
"chs-22-014","takeaway|distractor:c","brak w źródle"
"chs-22-015","trap|distractor:b","brak w źródle"
"chs-22-016","takeaway|distractor:e","brak w źródle"
"chs-22-017","trap|distractor:e","brak w źródle"
"chs-22-018","trap|distractor:b","brak w źródle"
"chs-22-019","trap|distractor:c","brak w źródle"
"chs-22-020","takeaway|distractor:a","brak w źródle"
"chs-22-021","takeaway|distractor:c","brak w źródle"
"chs-22-022","trap|distractor:b","brak w źródle"
"chs-22-023","trap|distractor:d","brak w źródle"
"chs-23-001","trap|distractor:a","brak w źródle"
"chs-23-002","takeaway|distractor:e","brak w źródle"
"chs-23-003","trap|distractor:e","brak w źródle"
"chs-23-004","trap|distractor:e","brak w źródle"
"chs-23-005","takeaway|distractor:c","brak w źródle"
"chs-23-006","trap|distractor:c","brak w źródle"
"chs-23-007","takeaway|distractor:b","brak w źródle"
"chs-23-008","trap|distractor:a","brak w źródle"
"chs-23-009","trap|distractor:e","brak w źródle"
"chs-23-010","takeaway|distractor:e","brak w źródle"
"chs-23-011","trap|distractor:b","brak w źródle"
"chs-23-012","takeaway|distractor:e","brak w źródle"
"chs-23-013","trap|distractor:b","brak w źródle"
"chs-23-014","trap|distractor:b","brak w źródle"
"chs-23-015","takeaway|distractor:d","brak w źródle"
"chs-24-001","trap|distractor:c","brak w źródle"
"chs-24-002","distractor:a|distractor:b","brak w źródle"
"chs-24-003","trap|distractor:e","brak w źródle"
"chs-24-004","distractor:d","brak w źródle"
"chs-24-005","trap|distractor:e","brak w źródle"
"chs-24-006","distractor:b|distractor:d","brak w źródle"
"chs-24-007","distractor:c|distractor:d","brak w źródle"
"chs-24-008","trap|distractor:b|distractor:c","brak w źródle"
"chs-24-009","distractor:c|distractor:d","brak w źródle"
"chs-24-010","trap|distractor:b","brak w źródle"
"chs-24-011","trap|distractor:d","brak w źródle"
"chs-24-012","trap|distractor:e","brak w źródle"
"chs-24-013","trap|distractor:d|distractor:e","brak w źródle"
"chs-24-014","trap|distractor:e","brak w źródle"
"chs-24-015","takeaway|distractor:b","brak w źródle"
"chs-24-016","trap|distractor:b|distractor:e","brak w źródle"
"chs-24-017","takeaway|distractor:e","brak w źródle"
"chs-24-018","trap|distractor:e","brak w źródle"
"chs-24-019","trap|distractor:b|distractor:e","brak w źródle"
"chs-24-020","trap|distractor:a|distractor:d","brak w źródle"
"chs-24-021","trap|distractor:c|distractor:e","brak w źródle"
"chs-24-022","takeaway|distractor:a|distractor:d","brak w źródle"
"chs-24-023","trap|distractor:e","brak w źródle"
"chs-24-024","takeaway|distractor:b|distractor:d","brak w źródle"
"chs-24-025","trap|distractor:a|distractor:d","brak w źródle"
"chs-24-026","takeaway|distractor:b|distractor:c","brak w źródle"
"chs-24-027","trap|distractor:c|distractor:d","brak w źródle"
"chs-24-028","takeaway|distractor:a|distractor:e","brak w źródle"
"chs-24-029","trap|distractor:c|distractor:d","brak w źródle"
"chs-24-030","takeaway|distractor:a|distractor:c","brak w źródle"
"chs-24-031","trap|distractor:b|distractor:e","brak w źródle"
"chs-24-032","takeaway|distractor:a|distractor:e","brak w źródle"
"chs-24-033","takeaway|distractor:c|distractor:d","brak w źródle"
"chs-24-034","trap|distractor:a|distractor:c","brak w źródle"
"chs-24-035","trap|distractor:a|distractor:b","brak w źródle"
"chs-24-036","takeaway|distractor:d|distractor:e","brak w źródle"
"chs-24-037","trap|distractor:a|distractor:d","brak w źródle"
"chs-24-038","trap|distractor:c|distractor:d","brak w źródle"
"chs-24-039","trap|distractor:e","brak w źródle"
"chs-24-040","trap|distractor:d","brak w źródle"
"chs-24-041","trap|distractor:e","brak w źródle"
"chs-24-042","takeaway|distractor:c|distractor:d","brak w źródle"
"chs-24-043","takeaway|distractor:a","brak w źródle"
"chs-24-044","trap|distractor:c|distractor:e","brak w źródle"
"chs-24-045","trap|distractor:d","brak w źródle"
"chs-24-046","takeaway|distractor:b","brak w źródle"
"chs-24-047","trap|distractor:c","brak w źródle"
"chs-24-048","takeaway|distractor:d","brak w źródle"
"chs-24-049","trap|distractor:e","brak w źródle"
"chs-24-050","trap|distractor:e","brak w źródle"
"chs-24-051","distractor:b","brak w źródle"
"chs-24-052","distractor:a|distractor:d","distractor_unmatched: podokostnowe odwarstwienie brzegu oczodołu z cięć ukrytych w skórze owłosionej"
"chs-24-053","trap|distractor:b|distractor:c|distractor:d","distractor_unmatched: zszycie przednich brzegów mięśnia, potem odpreparowanie skóry, na końcu usunięcie tłuszczu; distractor_unmatched: odpreparowanie skóry w warstwie podokostnowej"
"chs-24-054","distractor:a|distractor:d","distractor_unmatched: usunięcie całej przegrody kostnej i chrzęstnej"
"chs-24-055","trap|distractor:a","brak w źródle"
"chs-24-056","distractor:b","brak w źródle"
"chs-25-001","trap|distractor:e","brak w źródle"
"chs-25-002","takeaway|distractor:e","brak w źródle"
"chs-25-003","trap|distractor:c","brak w źródle"
"chs-25-004","takeaway|distractor:e","brak w źródle"
"chs-25-005","trap|distractor:e","brak w źródle"
"chs-25-006","takeaway|distractor:c","brak w źródle"
"chs-25-007","trap|distractor:b","brak w źródle"
"chs-25-008","trap|distractor:d","brak w źródle"
"chs-25-009","takeaway|distractor:b","brak w źródle"
"chs-25-010","trap|distractor:a","brak w źródle"
"chs-25-011","takeaway|distractor:d","brak w źródle"
"chs-25-012","trap|distractor:d","brak w źródle"
"chs-25-013","trap|distractor:c","brak w źródle"
"chs-25-014","takeaway|distractor:b","brak w źródle"
"chs-25-015","trap|distractor:e","brak w źródle"
"chs-25-016","distractor:e","brak w źródle"
"chs-25-017","trap|distractor:b|distractor:d","brak w źródle"
"chs-25-018","trap|distractor:c","brak w źródle"
"chs-25-019","distractor:d","brak w źródle"
"chs-25-020","trap|distractor:d","brak w źródle"
"chs-25-021","distractor:c","brak w źródle"
"chs-25-022","trap|distractor:a","brak w źródle"
"chs-25-023","distractor:d","brak w źródle"
"chs-25-024","distractor:e","brak w źródle"
"chs-25-025","trap|distractor:e","brak w źródle"
"chs-25-026","distractor:c","brak w źródle"
"chs-25-027","distractor:d","brak w źródle"
"chs-25-028","trap|distractor:e","brak w źródle"
"chs-25-029","trap|distractor:d","brak w źródle"
"chs-25-030","trap|distractor:e","brak w źródle"
"chs-25-031","trap|distractor:c","brak w źródle"
"chs-25-032","takeaway|distractor:d","brak w źródle"
"chs-25-033","trap|distractor:a","brak w źródle"
"chs-25-034","takeaway|distractor:d","brak w źródle"
"chs-25-035","trap|distractor:b","brak w źródle"
"chs-25-036","trap|distractor:b","brak w źródle"
"chs-25-037","takeaway|distractor:e","brak w źródle"
"chs-25-038","trap|distractor:d","brak w źródle"
"chs-25-039","takeaway|distractor:d","brak w źródle"
"chs-25-040","trap|distractor:b","brak w źródle"
"chs-25-041","takeaway|distractor:b","brak w źródle"
